instance_id,seed_transpiler,optimization_level,layout_method,seed_simulator,shots,method,score,transpiled_depth,transpiled_size
ring6,0,1,sabre,0,16,QAOA_p1,2.375,35,84
ring6,0,1,sabre,1,16,QAOA_p1,3.25,35,84
ring6,0,1,sabre,2,16,QAOA_p1,4.125,35,84
ring6,0,1,sabre,3,16,QAOA_p1,2.875,35,84
ring6,0,1,sabre,4,16,QAOA_p1,2.375,35,84
ring6,0,1,sabre,5,16,QAOA_p1,2.625,35,84
ring6,0,1,sabre,6,16,QAOA_p1,3.25,35,84
ring6,0,1,sabre,7,16,QAOA_p1,3.25,35,84
ring6,0,1,sabre,8,16,QAOA_p1,3.375,35,84
ring6,0,1,sabre,9,16,QAOA_p1,2.375,35,84
ring6,0,1,sabre,10,16,QAOA_p1,3.0,35,84
ring6,0,1,sabre,11,16,QAOA_p1,3.0,35,84
ring6,0,1,sabre,12,16,QAOA_p1,3.125,35,84
ring6,0,1,sabre,13,16,QAOA_p1,2.875,35,84
ring6,0,1,sabre,14,16,QAOA_p1,3.5,35,84
ring6,0,1,sabre,15,16,QAOA_p1,3.0,35,84
ring6,0,1,sabre,16,16,QAOA_p1,3.125,35,84
ring6,0,1,sabre,17,16,QAOA_p1,2.625,35,84
ring6,0,1,sabre,18,16,QAOA_p1,3.125,35,84
ring6,0,1,sabre,19,16,QAOA_p1,3.25,35,84
ring6,0,1,sabre,0,32,QAOA_p1,2.875,35,84
ring6,0,1,sabre,1,32,QAOA_p1,3.0,35,84
ring6,0,1,sabre,2,32,QAOA_p1,3.625,35,84
ring6,0,1,sabre,3,32,QAOA_p1,3.0,35,84
ring6,0,1,sabre,4,32,QAOA_p1,2.625,35,84
ring6,0,1,sabre,5,32,QAOA_p1,2.75,35,84
ring6,0,1,sabre,6,32,QAOA_p1,3.3125,35,84
ring6,0,1,sabre,7,32,QAOA_p1,2.5625,35,84
ring6,0,1,sabre,8,32,QAOA_p1,3.25,35,84
ring6,0,1,sabre,9,32,QAOA_p1,2.8125,35,84
ring6,0,1,sabre,10,32,QAOA_p1,3.4375,35,84
ring6,0,1,sabre,11,32,QAOA_p1,3.125,35,84
ring6,0,1,sabre,12,32,QAOA_p1,3.25,35,84
ring6,0,1,sabre,13,32,QAOA_p1,2.5,35,84
ring6,0,1,sabre,14,32,QAOA_p1,3.3125,35,84
ring6,0,1,sabre,15,32,QAOA_p1,3.0,35,84
ring6,0,1,sabre,16,32,QAOA_p1,3.4375,35,84
ring6,0,1,sabre,17,32,QAOA_p1,2.875,35,84
ring6,0,1,sabre,18,32,QAOA_p1,3.1875,35,84
ring6,0,1,sabre,19,32,QAOA_p1,2.875,35,84
ring6,0,1,sabre,0,64,QAOA_p1,3.09375,35,84
ring6,0,1,sabre,1,64,QAOA_p1,3.0,35,84
ring6,0,1,sabre,2,64,QAOA_p1,3.375,35,84
ring6,0,1,sabre,3,64,QAOA_p1,3.3125,35,84
ring6,0,1,sabre,4,64,QAOA_p1,2.65625,35,84
ring6,0,1,sabre,5,64,QAOA_p1,3.125,35,84
ring6,0,1,sabre,6,64,QAOA_p1,3.15625,35,84
ring6,0,1,sabre,7,64,QAOA_p1,2.875,35,84
ring6,0,1,sabre,8,64,QAOA_p1,3.25,35,84
ring6,0,1,sabre,9,64,QAOA_p1,2.84375,35,84
ring6,0,1,sabre,10,64,QAOA_p1,3.4375,35,84
ring6,0,1,sabre,11,64,QAOA_p1,3.125,35,84
ring6,0,1,sabre,12,64,QAOA_p1,3.15625,35,84
ring6,0,1,sabre,13,64,QAOA_p1,2.9375,35,84
ring6,0,1,sabre,14,64,QAOA_p1,3.1875,35,84
ring6,0,1,sabre,15,64,QAOA_p1,3.03125,35,84
ring6,0,1,sabre,16,64,QAOA_p1,3.34375,35,84
ring6,0,1,sabre,17,64,QAOA_p1,3.0625,35,84
ring6,0,1,sabre,18,64,QAOA_p1,3.4375,35,84
ring6,0,1,sabre,19,64,QAOA_p1,2.8125,35,84
ring6,0,1,sabre,0,256,QAOA_p1,2.9453125,35,84
ring6,0,1,sabre,1,256,QAOA_p1,3.0859375,35,84
ring6,0,1,sabre,2,256,QAOA_p1,2.9140625,35,84
ring6,0,1,sabre,3,256,QAOA_p1,3.3046875,35,84
ring6,0,1,sabre,4,256,QAOA_p1,2.8828125,35,84
ring6,0,1,sabre,5,256,QAOA_p1,3.09375,35,84
ring6,0,1,sabre,6,256,QAOA_p1,3.1953125,35,84
ring6,0,1,sabre,7,256,QAOA_p1,3.15625,35,84
ring6,0,1,sabre,8,256,QAOA_p1,3.1875,35,84
ring6,0,1,sabre,9,256,QAOA_p1,3.1796875,35,84
ring6,0,1,sabre,10,256,QAOA_p1,3.109375,35,84
ring6,0,1,sabre,11,256,QAOA_p1,3.109375,35,84
ring6,0,1,sabre,12,256,QAOA_p1,3.0625,35,84
ring6,0,1,sabre,13,256,QAOA_p1,3.0234375,35,84
ring6,0,1,sabre,14,256,QAOA_p1,3.0625,35,84
ring6,0,1,sabre,15,256,QAOA_p1,3.1484375,35,84
ring6,0,1,sabre,16,256,QAOA_p1,3.1875,35,84
ring6,0,1,sabre,17,256,QAOA_p1,3.0859375,35,84
ring6,0,1,sabre,18,256,QAOA_p1,3.125,35,84
ring6,0,1,sabre,19,256,QAOA_p1,3.0546875,35,84
ring6,0,1,sabre,0,1024,QAOA_p1,3.09375,35,84
ring6,0,1,sabre,1,1024,QAOA_p1,3.04296875,35,84
ring6,0,1,sabre,2,1024,QAOA_p1,3.123046875,35,84
ring6,0,1,sabre,3,1024,QAOA_p1,3.15625,35,84
ring6,0,1,sabre,4,1024,QAOA_p1,3.052734375,35,84
ring6,0,1,sabre,5,1024,QAOA_p1,3.001953125,35,84
ring6,0,1,sabre,6,1024,QAOA_p1,3.169921875,35,84
ring6,0,1,sabre,7,1024,QAOA_p1,3.12109375,35,84
ring6,0,1,sabre,8,1024,QAOA_p1,3.189453125,35,84
ring6,0,1,sabre,9,1024,QAOA_p1,3.1171875,35,84
ring6,0,1,sabre,10,1024,QAOA_p1,3.03515625,35,84
ring6,0,1,sabre,11,1024,QAOA_p1,3.166015625,35,84
ring6,0,1,sabre,12,1024,QAOA_p1,3.00390625,35,84
ring6,0,1,sabre,13,1024,QAOA_p1,3.064453125,35,84
ring6,0,1,sabre,14,1024,QAOA_p1,3.17578125,35,84
ring6,0,1,sabre,15,1024,QAOA_p1,3.095703125,35,84
ring6,0,1,sabre,16,1024,QAOA_p1,3.1015625,35,84
ring6,0,1,sabre,17,1024,QAOA_p1,3.16015625,35,84
ring6,0,1,sabre,18,1024,QAOA_p1,3.08984375,35,84
ring6,0,1,sabre,19,1024,QAOA_p1,3.0703125,35,84
ring6,0,1,sabre,0,16,QAOA_p2,2.625,82,145
ring6,0,1,sabre,1,16,QAOA_p2,3.125,82,145
ring6,0,1,sabre,2,16,QAOA_p2,3.25,82,145
ring6,0,1,sabre,3,16,QAOA_p2,2.625,82,145
ring6,0,1,sabre,4,16,QAOA_p2,2.625,82,145
ring6,0,1,sabre,5,16,QAOA_p2,2.625,82,145
ring6,0,1,sabre,6,16,QAOA_p2,3.125,82,145
ring6,0,1,sabre,7,16,QAOA_p2,3.5,82,145
ring6,0,1,sabre,8,16,QAOA_p2,3.125,82,145
ring6,0,1,sabre,9,16,QAOA_p2,2.375,82,145
ring6,0,1,sabre,10,16,QAOA_p2,3.0,82,145
ring6,0,1,sabre,11,16,QAOA_p2,2.625,82,145
ring6,0,1,sabre,12,16,QAOA_p2,3.25,82,145
ring6,0,1,sabre,13,16,QAOA_p2,2.5,82,145
ring6,0,1,sabre,14,16,QAOA_p2,3.5,82,145
ring6,0,1,sabre,15,16,QAOA_p2,3.0,82,145
ring6,0,1,sabre,16,16,QAOA_p2,2.625,82,145
ring6,0,1,sabre,17,16,QAOA_p2,2.5,82,145
ring6,0,1,sabre,18,16,QAOA_p2,2.625,82,145
ring6,0,1,sabre,19,16,QAOA_p2,3.0,82,145
ring6,0,1,sabre,0,32,QAOA_p2,2.875,82,145
ring6,0,1,sabre,1,32,QAOA_p2,3.0,82,145
ring6,0,1,sabre,2,32,QAOA_p2,3.3125,82,145
ring6,0,1,sabre,3,32,QAOA_p2,2.8125,82,145
ring6,0,1,sabre,4,32,QAOA_p2,3.0,82,145
ring6,0,1,sabre,5,32,QAOA_p2,2.8125,82,145
ring6,0,1,sabre,6,32,QAOA_p2,2.9375,82,145
ring6,0,1,sabre,7,32,QAOA_p2,3.125,82,145
ring6,0,1,sabre,8,32,QAOA_p2,3.0,82,145
ring6,0,1,sabre,9,32,QAOA_p2,2.5625,82,145
ring6,0,1,sabre,10,32,QAOA_p2,3.1875,82,145
ring6,0,1,sabre,11,32,QAOA_p2,3.0625,82,145
ring6,0,1,sabre,12,32,QAOA_p2,3.375,82,145
ring6,0,1,sabre,13,32,QAOA_p2,2.5625,82,145
ring6,0,1,sabre,14,32,QAOA_p2,3.1875,82,145
ring6,0,1,sabre,15,32,QAOA_p2,3.125,82,145
ring6,0,1,sabre,16,32,QAOA_p2,2.875,82,145
ring6,0,1,sabre,17,32,QAOA_p2,2.75,82,145
ring6,0,1,sabre,18,32,QAOA_p2,2.75,82,145
ring6,0,1,sabre,19,32,QAOA_p2,3.125,82,145
ring6,0,1,sabre,0,64,QAOA_p2,3.0625,82,145
ring6,0,1,sabre,1,64,QAOA_p2,3.09375,82,145
ring6,0,1,sabre,2,64,QAOA_p2,3.21875,82,145
ring6,0,1,sabre,3,64,QAOA_p2,3.03125,82,145
ring6,0,1,sabre,4,64,QAOA_p2,3.09375,82,145
ring6,0,1,sabre,5,64,QAOA_p2,3.09375,82,145
ring6,0,1,sabre,6,64,QAOA_p2,2.75,82,145
ring6,0,1,sabre,7,64,QAOA_p2,2.96875,82,145
ring6,0,1,sabre,8,64,QAOA_p2,3.0,82,145
ring6,0,1,sabre,9,64,QAOA_p2,2.90625,82,145
ring6,0,1,sabre,10,64,QAOA_p2,3.0625,82,145
ring6,0,1,sabre,11,64,QAOA_p2,2.9375,82,145
ring6,0,1,sabre,12,64,QAOA_p2,3.1875,82,145
ring6,0,1,sabre,13,64,QAOA_p2,2.8125,82,145
ring6,0,1,sabre,14,64,QAOA_p2,3.21875,82,145
ring6,0,1,sabre,15,64,QAOA_p2,3.125,82,145
ring6,0,1,sabre,16,64,QAOA_p2,3.0625,82,145
ring6,0,1,sabre,17,64,QAOA_p2,3.125,82,145
ring6,0,1,sabre,18,64,QAOA_p2,2.9375,82,145
ring6,0,1,sabre,19,64,QAOA_p2,3.0625,82,145
ring6,0,1,sabre,0,256,QAOA_p2,2.890625,82,145
ring6,0,1,sabre,1,256,QAOA_p2,3.0390625,82,145
ring6,0,1,sabre,2,256,QAOA_p2,3.078125,82,145
ring6,0,1,sabre,3,256,QAOA_p2,3.2265625,82,145
ring6,0,1,sabre,4,256,QAOA_p2,3.1171875,82,145
ring6,0,1,sabre,5,256,QAOA_p2,3.0390625,82,145
ring6,0,1,sabre,6,256,QAOA_p2,3.03125,82,145
ring6,0,1,sabre,7,256,QAOA_p2,3.0078125,82,145
ring6,0,1,sabre,8,256,QAOA_p2,3.09375,82,145
ring6,0,1,sabre,9,256,QAOA_p2,3.046875,82,145
ring6,0,1,sabre,10,256,QAOA_p2,3.09375,82,145
ring6,0,1,sabre,11,256,QAOA_p2,2.9375,82,145
ring6,0,1,sabre,12,256,QAOA_p2,3.0,82,145
ring6,0,1,sabre,13,256,QAOA_p2,3.0390625,82,145
ring6,0,1,sabre,14,256,QAOA_p2,2.953125,82,145
ring6,0,1,sabre,15,256,QAOA_p2,3.21875,82,145
ring6,0,1,sabre,16,256,QAOA_p2,3.1015625,82,145
ring6,0,1,sabre,17,256,QAOA_p2,3.046875,82,145
ring6,0,1,sabre,18,256,QAOA_p2,2.9921875,82,145
ring6,0,1,sabre,19,256,QAOA_p2,3.046875,82,145
ring6,0,1,sabre,0,1024,QAOA_p2,3.015625,82,145
ring6,0,1,sabre,1,1024,QAOA_p2,3.05859375,82,145
ring6,0,1,sabre,2,1024,QAOA_p2,3.09375,82,145
ring6,0,1,sabre,3,1024,QAOA_p2,3.080078125,82,145
ring6,0,1,sabre,4,1024,QAOA_p2,3.041015625,82,145
ring6,0,1,sabre,5,1024,QAOA_p2,3.015625,82,145
ring6,0,1,sabre,6,1024,QAOA_p2,3.05859375,82,145
ring6,0,1,sabre,7,1024,QAOA_p2,3.0546875,82,145
ring6,0,1,sabre,8,1024,QAOA_p2,3.162109375,82,145
ring6,0,1,sabre,9,1024,QAOA_p2,3.130859375,82,145
ring6,0,1,sabre,10,1024,QAOA_p2,3.013671875,82,145
ring6,0,1,sabre,11,1024,QAOA_p2,3.001953125,82,145
ring6,0,1,sabre,12,1024,QAOA_p2,3.015625,82,145
ring6,0,1,sabre,13,1024,QAOA_p2,3.08984375,82,145
ring6,0,1,sabre,14,1024,QAOA_p2,3.08203125,82,145
ring6,0,1,sabre,15,1024,QAOA_p2,3.072265625,82,145
ring6,0,1,sabre,16,1024,QAOA_p2,3.046875,82,145
ring6,0,1,sabre,17,1024,QAOA_p2,3.095703125,82,145
ring6,0,1,sabre,18,1024,QAOA_p2,3.0390625,82,145
ring6,0,1,sabre,19,1024,QAOA_p2,3.0078125,82,145
ring6,0,1,sabre,0,16,RandomBaseline,2.625,4,24
ring6,0,1,sabre,1,16,RandomBaseline,3.125,4,24
ring6,0,1,sabre,2,16,RandomBaseline,3.375,4,24
ring6,0,1,sabre,3,16,RandomBaseline,2.875,4,24
ring6,0,1,sabre,4,16,RandomBaseline,2.75,4,24
ring6,0,1,sabre,5,16,RandomBaseline,2.5,4,24
ring6,0,1,sabre,6,16,RandomBaseline,3.125,4,24
ring6,0,1,sabre,7,16,RandomBaseline,3.125,4,24
ring6,0,1,sabre,8,16,RandomBaseline,2.75,4,24
ring6,0,1,sabre,9,16,RandomBaseline,2.75,4,24
ring6,0,1,sabre,10,16,RandomBaseline,2.75,4,24
ring6,0,1,sabre,11,16,RandomBaseline,2.625,4,24
ring6,0,1,sabre,12,16,RandomBaseline,2.875,4,24
ring6,0,1,sabre,13,16,RandomBaseline,2.5,4,24
ring6,0,1,sabre,14,16,RandomBaseline,3.0,4,24
ring6,0,1,sabre,15,16,RandomBaseline,2.875,4,24
ring6,0,1,sabre,16,16,RandomBaseline,2.375,4,24
ring6,0,1,sabre,17,16,RandomBaseline,2.5,4,24
ring6,0,1,sabre,18,16,RandomBaseline,2.875,4,24
ring6,0,1,sabre,19,16,RandomBaseline,3.25,4,24
ring6,0,1,sabre,0,32,RandomBaseline,2.75,4,24
ring6,0,1,sabre,1,32,RandomBaseline,3.0,4,24
ring6,0,1,sabre,2,32,RandomBaseline,3.125,4,24
ring6,0,1,sabre,3,32,RandomBaseline,3.125,4,24
ring6,0,1,sabre,4,32,RandomBaseline,2.8125,4,24
ring6,0,1,sabre,5,32,RandomBaseline,2.5625,4,24
ring6,0,1,sabre,6,32,RandomBaseline,2.9375,4,24
ring6,0,1,sabre,7,32,RandomBaseline,2.8125,4,24
ring6,0,1,sabre,8,32,RandomBaseline,2.8125,4,24
ring6,0,1,sabre,9,32,RandomBaseline,2.875,4,24
ring6,0,1,sabre,10,32,RandomBaseline,2.9375,4,24
ring6,0,1,sabre,11,32,RandomBaseline,3.0,4,24
ring6,0,1,sabre,12,32,RandomBaseline,3.0625,4,24
ring6,0,1,sabre,13,32,RandomBaseline,2.5,4,24
ring6,0,1,sabre,14,32,RandomBaseline,3.0625,4,24
ring6,0,1,sabre,15,32,RandomBaseline,3.125,4,24
ring6,0,1,sabre,16,32,RandomBaseline,2.9375,4,24
ring6,0,1,sabre,17,32,RandomBaseline,2.5625,4,24
ring6,0,1,sabre,18,32,RandomBaseline,2.875,4,24
ring6,0,1,sabre,19,32,RandomBaseline,3.3125,4,24
ring6,0,1,sabre,0,64,RandomBaseline,2.96875,4,24
ring6,0,1,sabre,1,64,RandomBaseline,3.0,4,24
ring6,0,1,sabre,2,64,RandomBaseline,3.1875,4,24
ring6,0,1,sabre,3,64,RandomBaseline,3.09375,4,24
ring6,0,1,sabre,4,64,RandomBaseline,2.90625,4,24
ring6,0,1,sabre,5,64,RandomBaseline,2.78125,4,24
ring6,0,1,sabre,6,64,RandomBaseline,2.9375,4,24
ring6,0,1,sabre,7,64,RandomBaseline,2.78125,4,24
ring6,0,1,sabre,8,64,RandomBaseline,2.84375,4,24
ring6,0,1,sabre,9,64,RandomBaseline,2.96875,4,24
ring6,0,1,sabre,10,64,RandomBaseline,3.0,4,24
ring6,0,1,sabre,11,64,RandomBaseline,3.0625,4,24
ring6,0,1,sabre,12,64,RandomBaseline,3.09375,4,24
ring6,0,1,sabre,13,64,RandomBaseline,2.78125,4,24
ring6,0,1,sabre,14,64,RandomBaseline,3.03125,4,24
ring6,0,1,sabre,15,64,RandomBaseline,3.09375,4,24
ring6,0,1,sabre,16,64,RandomBaseline,2.9375,4,24
ring6,0,1,sabre,17,64,RandomBaseline,3.0,4,24
ring6,0,1,sabre,18,64,RandomBaseline,3.0,4,24
ring6,0,1,sabre,19,64,RandomBaseline,3.0,4,24
ring6,0,1,sabre,0,256,RandomBaseline,2.90625,4,24
ring6,0,1,sabre,1,256,RandomBaseline,2.984375,4,24
ring6,0,1,sabre,2,256,RandomBaseline,2.9296875,4,24
ring6,0,1,sabre,3,256,RandomBaseline,3.1796875,4,24
ring6,0,1,sabre,4,256,RandomBaseline,3.0,4,24
ring6,0,1,sabre,5,256,RandomBaseline,2.875,4,24
ring6,0,1,sabre,6,256,RandomBaseline,2.984375,4,24
ring6,0,1,sabre,7,256,RandomBaseline,3.0078125,4,24
ring6,0,1,sabre,8,256,RandomBaseline,2.9765625,4,24
ring6,0,1,sabre,9,256,RandomBaseline,3.0078125,4,24
ring6,0,1,sabre,10,256,RandomBaseline,2.984375,4,24
ring6,0,1,sabre,11,256,RandomBaseline,2.9609375,4,24
ring6,0,1,sabre,12,256,RandomBaseline,2.8671875,4,24
ring6,0,1,sabre,13,256,RandomBaseline,2.96875,4,24
ring6,0,1,sabre,14,256,RandomBaseline,2.9921875,4,24
ring6,0,1,sabre,15,256,RandomBaseline,3.09375,4,24
ring6,0,1,sabre,16,256,RandomBaseline,2.921875,4,24
ring6,0,1,sabre,17,256,RandomBaseline,3.015625,4,24
ring6,0,1,sabre,18,256,RandomBaseline,2.921875,4,24
ring6,0,1,sabre,19,256,RandomBaseline,2.9921875,4,24
ring6,0,1,sabre,0,1024,RandomBaseline,2.96484375,4,24
ring6,0,1,sabre,1,1024,RandomBaseline,3.001953125,4,24
ring6,0,1,sabre,2,1024,RandomBaseline,3.0,4,24
ring6,0,1,sabre,3,1024,RandomBaseline,3.013671875,4,24
ring6,0,1,sabre,4,1024,RandomBaseline,2.98828125,4,24
ring6,0,1,sabre,5,1024,RandomBaseline,2.943359375,4,24
ring6,0,1,sabre,6,1024,RandomBaseline,2.990234375,4,24
ring6,0,1,sabre,7,1024,RandomBaseline,2.98828125,4,24
ring6,0,1,sabre,8,1024,RandomBaseline,3.099609375,4,24
ring6,0,1,sabre,9,1024,RandomBaseline,3.01171875,4,24
ring6,0,1,sabre,10,1024,RandomBaseline,2.982421875,4,24
ring6,0,1,sabre,11,1024,RandomBaseline,3.02734375,4,24
ring6,0,1,sabre,12,1024,RandomBaseline,2.896484375,4,24
ring6,0,1,sabre,13,1024,RandomBaseline,3.0078125,4,24
ring6,0,1,sabre,14,1024,RandomBaseline,3.009765625,4,24
ring6,0,1,sabre,15,1024,RandomBaseline,3.041015625,4,24
ring6,0,1,sabre,16,1024,RandomBaseline,2.982421875,4,24
ring6,0,1,sabre,17,1024,RandomBaseline,3.029296875,4,24
ring6,0,1,sabre,18,1024,RandomBaseline,2.984375,4,24
ring6,0,1,sabre,19,1024,RandomBaseline,2.9453125,4,24
ring8,0,1,sabre,0,16,QAOA_p1,3.75,53,114
ring8,0,1,sabre,1,16,QAOA_p1,3.875,53,114
ring8,0,1,sabre,2,16,QAOA_p1,4.75,53,114
ring8,0,1,sabre,3,16,QAOA_p1,4.25,53,114
ring8,0,1,sabre,4,16,QAOA_p1,4.125,53,114
ring8,0,1,sabre,5,16,QAOA_p1,4.0,53,114
ring8,0,1,sabre,6,16,QAOA_p1,3.5,53,114
ring8,0,1,sabre,7,16,QAOA_p1,4.5,53,114
ring8,0,1,sabre,8,16,QAOA_p1,4.125,53,114
ring8,0,1,sabre,9,16,QAOA_p1,4.0,53,114
ring8,0,1,sabre,10,16,QAOA_p1,4.125,53,114
ring8,0,1,sabre,11,16,QAOA_p1,4.125,53,114
ring8,0,1,sabre,12,16,QAOA_p1,3.875,53,114
ring8,0,1,sabre,13,16,QAOA_p1,4.0,53,114
ring8,0,1,sabre,14,16,QAOA_p1,4.375,53,114
ring8,0,1,sabre,15,16,QAOA_p1,4.25,53,114
ring8,0,1,sabre,16,16,QAOA_p1,3.875,53,114
ring8,0,1,sabre,17,16,QAOA_p1,4.25,53,114
ring8,0,1,sabre,18,16,QAOA_p1,4.5,53,114
ring8,0,1,sabre,19,16,QAOA_p1,4.625,53,114
ring8,0,1,sabre,0,32,QAOA_p1,3.75,53,114
ring8,0,1,sabre,1,32,QAOA_p1,4.125,53,114
ring8,0,1,sabre,2,32,QAOA_p1,4.4375,53,114
ring8,0,1,sabre,3,32,QAOA_p1,3.875,53,114
ring8,0,1,sabre,4,32,QAOA_p1,3.9375,53,114
ring8,0,1,sabre,5,32,QAOA_p1,3.9375,53,114
ring8,0,1,sabre,6,32,QAOA_p1,3.8125,53,114
ring8,0,1,sabre,7,32,QAOA_p1,4.0625,53,114
ring8,0,1,sabre,8,32,QAOA_p1,4.6875,53,114
ring8,0,1,sabre,9,32,QAOA_p1,3.625,53,114
ring8,0,1,sabre,10,32,QAOA_p1,4.125,53,114
ring8,0,1,sabre,11,32,QAOA_p1,4.3125,53,114
ring8,0,1,sabre,12,32,QAOA_p1,4.125,53,114
ring8,0,1,sabre,13,32,QAOA_p1,3.9375,53,114
ring8,0,1,sabre,14,32,QAOA_p1,4.0625,53,114
ring8,0,1,sabre,15,32,QAOA_p1,4.1875,53,114
ring8,0,1,sabre,16,32,QAOA_p1,4.25,53,114
ring8,0,1,sabre,17,32,QAOA_p1,4.5,53,114
ring8,0,1,sabre,18,32,QAOA_p1,4.5625,53,114
ring8,0,1,sabre,19,32,QAOA_p1,4.4375,53,114
ring8,0,1,sabre,0,64,QAOA_p1,4.03125,53,114
ring8,0,1,sabre,1,64,QAOA_p1,4.1875,53,114
ring8,0,1,sabre,2,64,QAOA_p1,4.625,53,114
ring8,0,1,sabre,3,64,QAOA_p1,4.25,53,114
ring8,0,1,sabre,4,64,QAOA_p1,4.09375,53,114
ring8,0,1,sabre,5,64,QAOA_p1,3.9375,53,114
ring8,0,1,sabre,6,64,QAOA_p1,4.03125,53,114
ring8,0,1,sabre,7,64,QAOA_p1,4.09375,53,114
ring8,0,1,sabre,8,64,QAOA_p1,4.34375,53,114
ring8,0,1,sabre,9,64,QAOA_p1,4.125,53,114
ring8,0,1,sabre,10,64,QAOA_p1,4.25,53,114
ring8,0,1,sabre,11,64,QAOA_p1,4.0625,53,114
ring8,0,1,sabre,12,64,QAOA_p1,4.03125,53,114
ring8,0,1,sabre,13,64,QAOA_p1,4.09375,53,114
ring8,0,1,sabre,14,64,QAOA_p1,4.0,53,114
ring8,0,1,sabre,15,64,QAOA_p1,4.25,53,114
ring8,0,1,sabre,16,64,QAOA_p1,4.0,53,114
ring8,0,1,sabre,17,64,QAOA_p1,4.3125,53,114
ring8,0,1,sabre,18,64,QAOA_p1,4.40625,53,114
ring8,0,1,sabre,19,64,QAOA_p1,4.5,53,114
ring8,0,1,sabre,0,256,QAOA_p1,3.9765625,53,114
ring8,0,1,sabre,1,256,QAOA_p1,4.1953125,53,114
ring8,0,1,sabre,2,256,QAOA_p1,4.2421875,53,114
ring8,0,1,sabre,3,256,QAOA_p1,4.265625,53,114
ring8,0,1,sabre,4,256,QAOA_p1,3.9921875,53,114
ring8,0,1,sabre,5,256,QAOA_p1,4.0546875,53,114
ring8,0,1,sabre,6,256,QAOA_p1,4.2421875,53,114
ring8,0,1,sabre,7,256,QAOA_p1,4.1015625,53,114
ring8,0,1,sabre,8,256,QAOA_p1,4.2265625,53,114
ring8,0,1,sabre,9,256,QAOA_p1,4.1640625,53,114
ring8,0,1,sabre,10,256,QAOA_p1,4.203125,53,114
ring8,0,1,sabre,11,256,QAOA_p1,4.0859375,53,114
ring8,0,1,sabre,12,256,QAOA_p1,3.8984375,53,114
ring8,0,1,sabre,13,256,QAOA_p1,4.0859375,53,114
ring8,0,1,sabre,14,256,QAOA_p1,3.9609375,53,114
ring8,0,1,sabre,15,256,QAOA_p1,4.3359375,53,114
ring8,0,1,sabre,16,256,QAOA_p1,4.0234375,53,114
ring8,0,1,sabre,17,256,QAOA_p1,4.28125,53,114
ring8,0,1,sabre,18,256,QAOA_p1,4.015625,53,114
ring8,0,1,sabre,19,256,QAOA_p1,4.1953125,53,114
ring8,0,1,sabre,0,1024,QAOA_p1,4.125,53,114
ring8,0,1,sabre,1,1024,QAOA_p1,4.12890625,53,114
ring8,0,1,sabre,2,1024,QAOA_p1,4.150390625,53,114
ring8,0,1,sabre,3,1024,QAOA_p1,4.17578125,53,114
ring8,0,1,sabre,4,1024,QAOA_p1,4.037109375,53,114
ring8,0,1,sabre,5,1024,QAOA_p1,4.056640625,53,114
ring8,0,1,sabre,6,1024,QAOA_p1,4.228515625,53,114
ring8,0,1,sabre,7,1024,QAOA_p1,4.126953125,53,114
ring8,0,1,sabre,8,1024,QAOA_p1,4.197265625,53,114
ring8,0,1,sabre,9,1024,QAOA_p1,4.18359375,53,114
ring8,0,1,sabre,10,1024,QAOA_p1,4.1484375,53,114
ring8,0,1,sabre,11,1024,QAOA_p1,4.103515625,53,114
ring8,0,1,sabre,12,1024,QAOA_p1,4.01953125,53,114
ring8,0,1,sabre,13,1024,QAOA_p1,4.12890625,53,114
ring8,0,1,sabre,14,1024,QAOA_p1,4.0546875,53,114
ring8,0,1,sabre,15,1024,QAOA_p1,4.18359375,53,114
ring8,0,1,sabre,16,1024,QAOA_p1,4.078125,53,114
ring8,0,1,sabre,17,1024,QAOA_p1,4.15234375,53,114
ring8,0,1,sabre,18,1024,QAOA_p1,4.08984375,53,114
ring8,0,1,sabre,19,1024,QAOA_p1,4.173828125,53,114
ring8,0,1,sabre,0,16,QAOA_p2,3.75,103,200
ring8,0,1,sabre,1,16,QAOA_p2,4.375,103,200
ring8,0,1,sabre,2,16,QAOA_p2,3.875,103,200
ring8,0,1,sabre,3,16,QAOA_p2,4.25,103,200
ring8,0,1,sabre,4,16,QAOA_p2,4.25,103,200
ring8,0,1,sabre,5,16,QAOA_p2,3.625,103,200
ring8,0,1,sabre,6,16,QAOA_p2,4.125,103,200
ring8,0,1,sabre,7,16,QAOA_p2,4.125,103,200
ring8,0,1,sabre,8,16,QAOA_p2,4.375,103,200
ring8,0,1,sabre,9,16,QAOA_p2,3.75,103,200
ring8,0,1,sabre,10,16,QAOA_p2,4.125,103,200
ring8,0,1,sabre,11,16,QAOA_p2,4.25,103,200
ring8,0,1,sabre,12,16,QAOA_p2,4.25,103,200
ring8,0,1,sabre,13,16,QAOA_p2,3.875,103,200
ring8,0,1,sabre,14,16,QAOA_p2,4.0,103,200
ring8,0,1,sabre,15,16,QAOA_p2,3.75,103,200
ring8,0,1,sabre,16,16,QAOA_p2,3.625,103,200
ring8,0,1,sabre,17,16,QAOA_p2,3.5,103,200
ring8,0,1,sabre,18,16,QAOA_p2,4.0,103,200
ring8,0,1,sabre,19,16,QAOA_p2,4.375,103,200
ring8,0,1,sabre,0,32,QAOA_p2,3.8125,103,200
ring8,0,1,sabre,1,32,QAOA_p2,4.125,103,200
ring8,0,1,sabre,2,32,QAOA_p2,3.8125,103,200
ring8,0,1,sabre,3,32,QAOA_p2,3.6875,103,200
ring8,0,1,sabre,4,32,QAOA_p2,4.0,103,200
ring8,0,1,sabre,5,32,QAOA_p2,3.8125,103,200
ring8,0,1,sabre,6,32,QAOA_p2,4.3125,103,200
ring8,0,1,sabre,7,32,QAOA_p2,3.8125,103,200
ring8,0,1,sabre,8,32,QAOA_p2,4.25,103,200
ring8,0,1,sabre,9,32,QAOA_p2,3.75,103,200
ring8,0,1,sabre,10,32,QAOA_p2,4.0625,103,200
ring8,0,1,sabre,11,32,QAOA_p2,4.375,103,200
ring8,0,1,sabre,12,32,QAOA_p2,4.3125,103,200
ring8,0,1,sabre,13,32,QAOA_p2,3.75,103,200
ring8,0,1,sabre,14,32,QAOA_p2,4.0625,103,200
ring8,0,1,sabre,15,32,QAOA_p2,4.0,103,200
ring8,0,1,sabre,16,32,QAOA_p2,4.0,103,200
ring8,0,1,sabre,17,32,QAOA_p2,3.5,103,200
ring8,0,1,sabre,18,32,QAOA_p2,4.25,103,200
ring8,0,1,sabre,19,32,QAOA_p2,4.125,103,200
ring8,0,1,sabre,0,64,QAOA_p2,4.15625,103,200
ring8,0,1,sabre,1,64,QAOA_p2,4.03125,103,200
ring8,0,1,sabre,2,64,QAOA_p2,4.09375,103,200
ring8,0,1,sabre,3,64,QAOA_p2,3.90625,103,200
ring8,0,1,sabre,4,64,QAOA_p2,3.9375,103,200
ring8,0,1,sabre,5,64,QAOA_p2,3.9375,103,200
ring8,0,1,sabre,6,64,QAOA_p2,4.1875,103,200
ring8,0,1,sabre,7,64,QAOA_p2,3.875,103,200
ring8,0,1,sabre,8,64,QAOA_p2,4.25,103,200
ring8,0,1,sabre,9,64,QAOA_p2,4.0625,103,200
ring8,0,1,sabre,10,64,QAOA_p2,4.28125,103,200
ring8,0,1,sabre,11,64,QAOA_p2,4.0625,103,200
ring8,0,1,sabre,12,64,QAOA_p2,4.25,103,200
ring8,0,1,sabre,13,64,QAOA_p2,4.0625,103,200
ring8,0,1,sabre,14,64,QAOA_p2,3.90625,103,200
ring8,0,1,sabre,15,64,QAOA_p2,4.03125,103,200
ring8,0,1,sabre,16,64,QAOA_p2,4.0,103,200
ring8,0,1,sabre,17,64,QAOA_p2,3.78125,103,200
ring8,0,1,sabre,18,64,QAOA_p2,4.21875,103,200
ring8,0,1,sabre,19,64,QAOA_p2,4.09375,103,200
ring8,0,1,sabre,0,256,QAOA_p2,4.0859375,103,200
ring8,0,1,sabre,1,256,QAOA_p2,4.0,103,200
ring8,0,1,sabre,2,256,QAOA_p2,3.96875,103,200
ring8,0,1,sabre,3,256,QAOA_p2,4.2265625,103,200
ring8,0,1,sabre,4,256,QAOA_p2,3.9609375,103,200
ring8,0,1,sabre,5,256,QAOA_p2,4.046875,103,200
ring8,0,1,sabre,6,256,QAOA_p2,4.125,103,200
ring8,0,1,sabre,7,256,QAOA_p2,4.1953125,103,200
ring8,0,1,sabre,8,256,QAOA_p2,4.140625,103,200
ring8,0,1,sabre,9,256,QAOA_p2,4.125,103,200
ring8,0,1,sabre,10,256,QAOA_p2,4.109375,103,200
ring8,0,1,sabre,11,256,QAOA_p2,4.0625,103,200
ring8,0,1,sabre,12,256,QAOA_p2,4.1328125,103,200
ring8,0,1,sabre,13,256,QAOA_p2,3.984375,103,200
ring8,0,1,sabre,14,256,QAOA_p2,4.0234375,103,200
ring8,0,1,sabre,15,256,QAOA_p2,4.1328125,103,200
ring8,0,1,sabre,16,256,QAOA_p2,3.9765625,103,200
ring8,0,1,sabre,17,256,QAOA_p2,4.0546875,103,200
ring8,0,1,sabre,18,256,QAOA_p2,4.078125,103,200
ring8,0,1,sabre,19,256,QAOA_p2,4.09375,103,200
ring8,0,1,sabre,0,1024,QAOA_p2,4.08203125,103,200
ring8,0,1,sabre,1,1024,QAOA_p2,4.037109375,103,200
ring8,0,1,sabre,2,1024,QAOA_p2,4.07421875,103,200
ring8,0,1,sabre,3,1024,QAOA_p2,4.10546875,103,200
ring8,0,1,sabre,4,1024,QAOA_p2,4.00390625,103,200
ring8,0,1,sabre,5,1024,QAOA_p2,4.060546875,103,200
ring8,0,1,sabre,6,1024,QAOA_p2,4.087890625,103,200
ring8,0,1,sabre,7,1024,QAOA_p2,4.16015625,103,200
ring8,0,1,sabre,8,1024,QAOA_p2,4.173828125,103,200
ring8,0,1,sabre,9,1024,QAOA_p2,4.068359375,103,200
ring8,0,1,sabre,10,1024,QAOA_p2,4.060546875,103,200
ring8,0,1,sabre,11,1024,QAOA_p2,4.08984375,103,200
ring8,0,1,sabre,12,1024,QAOA_p2,4.05078125,103,200
ring8,0,1,sabre,13,1024,QAOA_p2,4.05859375,103,200
ring8,0,1,sabre,14,1024,QAOA_p2,4.072265625,103,200
ring8,0,1,sabre,15,1024,QAOA_p2,4.09765625,103,200
ring8,0,1,sabre,16,1024,QAOA_p2,4.03515625,103,200
ring8,0,1,sabre,17,1024,QAOA_p2,4.060546875,103,200
ring8,0,1,sabre,18,1024,QAOA_p2,4.06640625,103,200
ring8,0,1,sabre,19,1024,QAOA_p2,4.109375,103,200
ring8,0,1,sabre,0,16,RandomBaseline,3.625,4,32
ring8,0,1,sabre,1,16,RandomBaseline,4.625,4,32
ring8,0,1,sabre,2,16,RandomBaseline,4.75,4,32
ring8,0,1,sabre,3,16,RandomBaseline,3.625,4,32
ring8,0,1,sabre,4,16,RandomBaseline,3.625,4,32
ring8,0,1,sabre,5,16,RandomBaseline,3.875,4,32
ring8,0,1,sabre,6,16,RandomBaseline,4.375,4,32
ring8,0,1,sabre,7,16,RandomBaseline,3.875,4,32
ring8,0,1,sabre,8,16,RandomBaseline,4.125,4,32
ring8,0,1,sabre,9,16,RandomBaseline,4.0,4,32
ring8,0,1,sabre,10,16,RandomBaseline,4.5,4,32
ring8,0,1,sabre,11,16,RandomBaseline,4.25,4,32
ring8,0,1,sabre,12,16,RandomBaseline,3.625,4,32
ring8,0,1,sabre,13,16,RandomBaseline,4.25,4,32
ring8,0,1,sabre,14,16,RandomBaseline,3.75,4,32
ring8,0,1,sabre,15,16,RandomBaseline,4.375,4,32
ring8,0,1,sabre,16,16,RandomBaseline,4.0,4,32
ring8,0,1,sabre,17,16,RandomBaseline,4.125,4,32
ring8,0,1,sabre,18,16,RandomBaseline,4.625,4,32
ring8,0,1,sabre,19,16,RandomBaseline,4.25,4,32
ring8,0,1,sabre,0,32,RandomBaseline,3.9375,4,32
ring8,0,1,sabre,1,32,RandomBaseline,4.25,4,32
ring8,0,1,sabre,2,32,RandomBaseline,4.5,4,32
ring8,0,1,sabre,3,32,RandomBaseline,3.8125,4,32
ring8,0,1,sabre,4,32,RandomBaseline,3.5625,4,32
ring8,0,1,sabre,5,32,RandomBaseline,3.4375,4,32
ring8,0,1,sabre,6,32,RandomBaseline,4.375,4,32
ring8,0,1,sabre,7,32,RandomBaseline,3.9375,4,32
ring8,0,1,sabre,8,32,RandomBaseline,4.0,4,32
ring8,0,1,sabre,9,32,RandomBaseline,4.1875,4,32
ring8,0,1,sabre,10,32,RandomBaseline,4.5,4,32
ring8,0,1,sabre,11,32,RandomBaseline,3.875,4,32
ring8,0,1,sabre,12,32,RandomBaseline,3.6875,4,32
ring8,0,1,sabre,13,32,RandomBaseline,4.0,4,32
ring8,0,1,sabre,14,32,RandomBaseline,4.125,4,32
ring8,0,1,sabre,15,32,RandomBaseline,4.4375,4,32
ring8,0,1,sabre,16,32,RandomBaseline,4.4375,4,32
ring8,0,1,sabre,17,32,RandomBaseline,4.0,4,32
ring8,0,1,sabre,18,32,RandomBaseline,4.1875,4,32
ring8,0,1,sabre,19,32,RandomBaseline,4.125,4,32
ring8,0,1,sabre,0,64,RandomBaseline,4.09375,4,32
ring8,0,1,sabre,1,64,RandomBaseline,4.09375,4,32
ring8,0,1,sabre,2,64,RandomBaseline,4.40625,4,32
ring8,0,1,sabre,3,64,RandomBaseline,3.96875,4,32
ring8,0,1,sabre,4,64,RandomBaseline,3.8125,4,32
ring8,0,1,sabre,5,64,RandomBaseline,3.5625,4,32
ring8,0,1,sabre,6,64,RandomBaseline,4.21875,4,32
ring8,0,1,sabre,7,64,RandomBaseline,4.1875,4,32
ring8,0,1,sabre,8,64,RandomBaseline,3.9375,4,32
ring8,0,1,sabre,9,64,RandomBaseline,4.15625,4,32
ring8,0,1,sabre,10,64,RandomBaseline,4.34375,4,32
ring8,0,1,sabre,11,64,RandomBaseline,4.03125,4,32
ring8,0,1,sabre,12,64,RandomBaseline,3.78125,4,32
ring8,0,1,sabre,13,64,RandomBaseline,3.9375,4,32
ring8,0,1,sabre,14,64,RandomBaseline,4.09375,4,32
ring8,0,1,sabre,15,64,RandomBaseline,4.28125,4,32
ring8,0,1,sabre,16,64,RandomBaseline,4.125,4,32
ring8,0,1,sabre,17,64,RandomBaseline,4.0,4,32
ring8,0,1,sabre,18,64,RandomBaseline,4.28125,4,32
ring8,0,1,sabre,19,64,RandomBaseline,3.875,4,32
ring8,0,1,sabre,0,256,RandomBaseline,4.03125,4,32
ring8,0,1,sabre,1,256,RandomBaseline,4.0,4,32
ring8,0,1,sabre,2,256,RandomBaseline,4.015625,4,32
ring8,0,1,sabre,3,256,RandomBaseline,4.015625,4,32
ring8,0,1,sabre,4,256,RandomBaseline,3.96875,4,32
ring8,0,1,sabre,5,256,RandomBaseline,3.8203125,4,32
ring8,0,1,sabre,6,256,RandomBaseline,4.09375,4,32
ring8,0,1,sabre,7,256,RandomBaseline,4.2734375,4,32
ring8,0,1,sabre,8,256,RandomBaseline,4.0390625,4,32
ring8,0,1,sabre,9,256,RandomBaseline,4.015625,4,32
ring8,0,1,sabre,10,256,RandomBaseline,4.09375,4,32
ring8,0,1,sabre,11,256,RandomBaseline,4.0234375,4,32
ring8,0,1,sabre,12,256,RandomBaseline,3.75,4,32
ring8,0,1,sabre,13,256,RandomBaseline,3.90625,4,32
ring8,0,1,sabre,14,256,RandomBaseline,4.0859375,4,32
ring8,0,1,sabre,15,256,RandomBaseline,4.078125,4,32
ring8,0,1,sabre,16,256,RandomBaseline,4.0390625,4,32
ring8,0,1,sabre,17,256,RandomBaseline,3.9609375,4,32
ring8,0,1,sabre,18,256,RandomBaseline,4.03125,4,32
ring8,0,1,sabre,19,256,RandomBaseline,4.0546875,4,32
ring8,0,1,sabre,0,1024,RandomBaseline,4.048828125,4,32
ring8,0,1,sabre,1,1024,RandomBaseline,3.984375,4,32
ring8,0,1,sabre,2,1024,RandomBaseline,4.029296875,4,32
ring8,0,1,sabre,3,1024,RandomBaseline,4.001953125,4,32
ring8,0,1,sabre,4,1024,RandomBaseline,3.98828125,4,32
ring8,0,1,sabre,5,1024,RandomBaseline,3.912109375,4,32
ring8,0,1,sabre,6,1024,RandomBaseline,4.046875,4,32
ring8,0,1,sabre,7,1024,RandomBaseline,4.0859375,4,32
ring8,0,1,sabre,8,1024,RandomBaseline,4.033203125,4,32
ring8,0,1,sabre,9,1024,RandomBaseline,3.97265625,4,32
ring8,0,1,sabre,10,1024,RandomBaseline,4.025390625,4,32
ring8,0,1,sabre,11,1024,RandomBaseline,4.02734375,4,32
ring8,0,1,sabre,12,1024,RandomBaseline,3.88671875,4,32
ring8,0,1,sabre,13,1024,RandomBaseline,3.970703125,4,32
ring8,0,1,sabre,14,1024,RandomBaseline,4.0078125,4,32
ring8,0,1,sabre,15,1024,RandomBaseline,4.021484375,4,32
ring8,0,1,sabre,16,1024,RandomBaseline,4.048828125,4,32
ring8,0,1,sabre,17,1024,RandomBaseline,3.99609375,4,32
ring8,0,1,sabre,18,1024,RandomBaseline,4.037109375,4,32
ring8,0,1,sabre,19,1024,RandomBaseline,3.982421875,4,32
er_n8_p0.3_seed0,0,1,sabre,0,16,QAOA_p1,0.4375,15,79
er_n8_p0.3_seed0,0,1,sabre,1,16,QAOA_p1,0.5625,15,79
er_n8_p0.3_seed0,0,1,sabre,2,16,QAOA_p1,0.6875,15,79
er_n8_p0.3_seed0,0,1,sabre,3,16,QAOA_p1,0.375,15,79
er_n8_p0.3_seed0,0,1,sabre,4,16,QAOA_p1,0.3125,15,79
er_n8_p0.3_seed0,0,1,sabre,5,16,QAOA_p1,0.5,15,79
er_n8_p0.3_seed0,0,1,sabre,6,16,QAOA_p1,0.4375,15,79
er_n8_p0.3_seed0,0,1,sabre,7,16,QAOA_p1,0.6875,15,79
er_n8_p0.3_seed0,0,1,sabre,8,16,QAOA_p1,0.6875,15,79
er_n8_p0.3_seed0,0,1,sabre,9,16,QAOA_p1,0.5,15,79
er_n8_p0.3_seed0,0,1,sabre,10,16,QAOA_p1,0.625,15,79
er_n8_p0.3_seed0,0,1,sabre,11,16,QAOA_p1,0.25,15,79
er_n8_p0.3_seed0,0,1,sabre,12,16,QAOA_p1,0.4375,15,79
er_n8_p0.3_seed0,0,1,sabre,13,16,QAOA_p1,0.5,15,79
er_n8_p0.3_seed0,0,1,sabre,14,16,QAOA_p1,0.5,15,79
er_n8_p0.3_seed0,0,1,sabre,15,16,QAOA_p1,0.5625,15,79
er_n8_p0.3_seed0,0,1,sabre,16,16,QAOA_p1,0.4375,15,79
er_n8_p0.3_seed0,0,1,sabre,17,16,QAOA_p1,0.375,15,79
er_n8_p0.3_seed0,0,1,sabre,18,16,QAOA_p1,0.4375,15,79
er_n8_p0.3_seed0,0,1,sabre,19,16,QAOA_p1,0.6875,15,79
er_n8_p0.3_seed0,0,1,sabre,0,32,QAOA_p1,0.40625,15,79
er_n8_p0.3_seed0,0,1,sabre,1,32,QAOA_p1,0.5625,15,79
er_n8_p0.3_seed0,0,1,sabre,2,32,QAOA_p1,0.625,15,79
er_n8_p0.3_seed0,0,1,sabre,3,32,QAOA_p1,0.59375,15,79
er_n8_p0.3_seed0,0,1,sabre,4,32,QAOA_p1,0.3125,15,79
er_n8_p0.3_seed0,0,1,sabre,5,32,QAOA_p1,0.4375,15,79
er_n8_p0.3_seed0,0,1,sabre,6,32,QAOA_p1,0.40625,15,79
er_n8_p0.3_seed0,0,1,sabre,7,32,QAOA_p1,0.53125,15,79
er_n8_p0.3_seed0,0,1,sabre,8,32,QAOA_p1,0.5,15,79
er_n8_p0.3_seed0,0,1,sabre,9,32,QAOA_p1,0.59375,15,79
er_n8_p0.3_seed0,0,1,sabre,10,32,QAOA_p1,0.625,15,79
er_n8_p0.3_seed0,0,1,sabre,11,32,QAOA_p1,0.375,15,79
er_n8_p0.3_seed0,0,1,sabre,12,32,QAOA_p1,0.5,15,79
er_n8_p0.3_seed0,0,1,sabre,13,32,QAOA_p1,0.4375,15,79
er_n8_p0.3_seed0,0,1,sabre,14,32,QAOA_p1,0.4375,15,79
er_n8_p0.3_seed0,0,1,sabre,15,32,QAOA_p1,0.59375,15,79
er_n8_p0.3_seed0,0,1,sabre,16,32,QAOA_p1,0.46875,15,79
er_n8_p0.3_seed0,0,1,sabre,17,32,QAOA_p1,0.34375,15,79
er_n8_p0.3_seed0,0,1,sabre,18,32,QAOA_p1,0.34375,15,79
er_n8_p0.3_seed0,0,1,sabre,19,32,QAOA_p1,0.40625,15,79
er_n8_p0.3_seed0,0,1,sabre,0,64,QAOA_p1,0.453125,15,79
er_n8_p0.3_seed0,0,1,sabre,1,64,QAOA_p1,0.53125,15,79
er_n8_p0.3_seed0,0,1,sabre,2,64,QAOA_p1,0.546875,15,79
er_n8_p0.3_seed0,0,1,sabre,3,64,QAOA_p1,0.671875,15,79
er_n8_p0.3_seed0,0,1,sabre,4,64,QAOA_p1,0.375,15,79
er_n8_p0.3_seed0,0,1,sabre,5,64,QAOA_p1,0.53125,15,79
er_n8_p0.3_seed0,0,1,sabre,6,64,QAOA_p1,0.40625,15,79
er_n8_p0.3_seed0,0,1,sabre,7,64,QAOA_p1,0.453125,15,79
er_n8_p0.3_seed0,0,1,sabre,8,64,QAOA_p1,0.4375,15,79
er_n8_p0.3_seed0,0,1,sabre,9,64,QAOA_p1,0.640625,15,79
er_n8_p0.3_seed0,0,1,sabre,10,64,QAOA_p1,0.546875,15,79
er_n8_p0.3_seed0,0,1,sabre,11,64,QAOA_p1,0.46875,15,79
er_n8_p0.3_seed0,0,1,sabre,12,64,QAOA_p1,0.578125,15,79
er_n8_p0.3_seed0,0,1,sabre,13,64,QAOA_p1,0.359375,15,79
er_n8_p0.3_seed0,0,1,sabre,14,64,QAOA_p1,0.625,15,79
er_n8_p0.3_seed0,0,1,sabre,15,64,QAOA_p1,0.515625,15,79
er_n8_p0.3_seed0,0,1,sabre,16,64,QAOA_p1,0.484375,15,79
er_n8_p0.3_seed0,0,1,sabre,17,64,QAOA_p1,0.40625,15,79
er_n8_p0.3_seed0,0,1,sabre,18,64,QAOA_p1,0.453125,15,79
er_n8_p0.3_seed0,0,1,sabre,19,64,QAOA_p1,0.3125,15,79
er_n8_p0.3_seed0,0,1,sabre,0,256,QAOA_p1,0.46484375,15,79
er_n8_p0.3_seed0,0,1,sabre,1,256,QAOA_p1,0.57421875,15,79
er_n8_p0.3_seed0,0,1,sabre,2,256,QAOA_p1,0.52734375,15,79
er_n8_p0.3_seed0,0,1,sabre,3,256,QAOA_p1,0.54296875,15,79
er_n8_p0.3_seed0,0,1,sabre,4,256,QAOA_p1,0.5078125,15,79
er_n8_p0.3_seed0,0,1,sabre,5,256,QAOA_p1,0.50390625,15,79
er_n8_p0.3_seed0,0,1,sabre,6,256,QAOA_p1,0.53515625,15,79
er_n8_p0.3_seed0,0,1,sabre,7,256,QAOA_p1,0.484375,15,79
er_n8_p0.3_seed0,0,1,sabre,8,256,QAOA_p1,0.546875,15,79
er_n8_p0.3_seed0,0,1,sabre,9,256,QAOA_p1,0.57421875,15,79
er_n8_p0.3_seed0,0,1,sabre,10,256,QAOA_p1,0.5,15,79
er_n8_p0.3_seed0,0,1,sabre,11,256,QAOA_p1,0.484375,15,79
er_n8_p0.3_seed0,0,1,sabre,12,256,QAOA_p1,0.58203125,15,79
er_n8_p0.3_seed0,0,1,sabre,13,256,QAOA_p1,0.48046875,15,79
er_n8_p0.3_seed0,0,1,sabre,14,256,QAOA_p1,0.546875,15,79
er_n8_p0.3_seed0,0,1,sabre,15,256,QAOA_p1,0.5390625,15,79
er_n8_p0.3_seed0,0,1,sabre,16,256,QAOA_p1,0.453125,15,79
er_n8_p0.3_seed0,0,1,sabre,17,256,QAOA_p1,0.4453125,15,79
er_n8_p0.3_seed0,0,1,sabre,18,256,QAOA_p1,0.46875,15,79
er_n8_p0.3_seed0,0,1,sabre,19,256,QAOA_p1,0.54296875,15,79
er_n8_p0.3_seed0,0,1,sabre,0,1024,QAOA_p1,0.5146484375,15,79
er_n8_p0.3_seed0,0,1,sabre,1,1024,QAOA_p1,0.5458984375,15,79
er_n8_p0.3_seed0,0,1,sabre,2,1024,QAOA_p1,0.533203125,15,79
er_n8_p0.3_seed0,0,1,sabre,3,1024,QAOA_p1,0.509765625,15,79
er_n8_p0.3_seed0,0,1,sabre,4,1024,QAOA_p1,0.5126953125,15,79
er_n8_p0.3_seed0,0,1,sabre,5,1024,QAOA_p1,0.51171875,15,79
er_n8_p0.3_seed0,0,1,sabre,6,1024,QAOA_p1,0.4921875,15,79
er_n8_p0.3_seed0,0,1,sabre,7,1024,QAOA_p1,0.5322265625,15,79
er_n8_p0.3_seed0,0,1,sabre,8,1024,QAOA_p1,0.5146484375,15,79
er_n8_p0.3_seed0,0,1,sabre,9,1024,QAOA_p1,0.5615234375,15,79
er_n8_p0.3_seed0,0,1,sabre,10,1024,QAOA_p1,0.5009765625,15,79
er_n8_p0.3_seed0,0,1,sabre,11,1024,QAOA_p1,0.501953125,15,79
er_n8_p0.3_seed0,0,1,sabre,12,1024,QAOA_p1,0.537109375,15,79
er_n8_p0.3_seed0,0,1,sabre,13,1024,QAOA_p1,0.5029296875,15,79
er_n8_p0.3_seed0,0,1,sabre,14,1024,QAOA_p1,0.5361328125,15,79
er_n8_p0.3_seed0,0,1,sabre,15,1024,QAOA_p1,0.521484375,15,79
er_n8_p0.3_seed0,0,1,sabre,16,1024,QAOA_p1,0.5185546875,15,79
er_n8_p0.3_seed0,0,1,sabre,17,1024,QAOA_p1,0.537109375,15,79
er_n8_p0.3_seed0,0,1,sabre,18,1024,QAOA_p1,0.50390625,15,79
er_n8_p0.3_seed0,0,1,sabre,19,1024,QAOA_p1,0.498046875,15,79
er_n8_p0.3_seed0,0,1,sabre,0,16,QAOA_p2,0.875,26,126
er_n8_p0.3_seed0,0,1,sabre,1,16,QAOA_p2,1.1875,26,126
er_n8_p0.3_seed0,0,1,sabre,2,16,QAOA_p2,1.125,26,126
er_n8_p0.3_seed0,0,1,sabre,3,16,QAOA_p2,1.375,26,126
er_n8_p0.3_seed0,0,1,sabre,4,16,QAOA_p2,1.375,26,126
er_n8_p0.3_seed0,0,1,sabre,5,16,QAOA_p2,0.9375,26,126
er_n8_p0.3_seed0,0,1,sabre,6,16,QAOA_p2,1.4375,26,126
er_n8_p0.3_seed0,0,1,sabre,7,16,QAOA_p2,1.25,26,126
er_n8_p0.3_seed0,0,1,sabre,8,16,QAOA_p2,1.5,26,126
er_n8_p0.3_seed0,0,1,sabre,9,16,QAOA_p2,1.0,26,126
er_n8_p0.3_seed0,0,1,sabre,10,16,QAOA_p2,1.0625,26,126
er_n8_p0.3_seed0,0,1,sabre,11,16,QAOA_p2,1.4375,26,126
er_n8_p0.3_seed0,0,1,sabre,12,16,QAOA_p2,1.1875,26,126
er_n8_p0.3_seed0,0,1,sabre,13,16,QAOA_p2,0.875,26,126
er_n8_p0.3_seed0,0,1,sabre,14,16,QAOA_p2,1.6875,26,126
er_n8_p0.3_seed0,0,1,sabre,15,16,QAOA_p2,1.125,26,126
er_n8_p0.3_seed0,0,1,sabre,16,16,QAOA_p2,1.1875,26,126
er_n8_p0.3_seed0,0,1,sabre,17,16,QAOA_p2,1.3125,26,126
er_n8_p0.3_seed0,0,1,sabre,18,16,QAOA_p2,1.3125,26,126
er_n8_p0.3_seed0,0,1,sabre,19,16,QAOA_p2,1.625,26,126
er_n8_p0.3_seed0,0,1,sabre,0,32,QAOA_p2,1.34375,26,126
er_n8_p0.3_seed0,0,1,sabre,1,32,QAOA_p2,1.28125,26,126
er_n8_p0.3_seed0,0,1,sabre,2,32,QAOA_p2,1.40625,26,126
er_n8_p0.3_seed0,0,1,sabre,3,32,QAOA_p2,1.40625,26,126
er_n8_p0.3_seed0,0,1,sabre,4,32,QAOA_p2,1.3125,26,126
er_n8_p0.3_seed0,0,1,sabre,5,32,QAOA_p2,1.21875,26,126
er_n8_p0.3_seed0,0,1,sabre,6,32,QAOA_p2,1.34375,26,126
er_n8_p0.3_seed0,0,1,sabre,7,32,QAOA_p2,1.34375,26,126
er_n8_p0.3_seed0,0,1,sabre,8,32,QAOA_p2,1.46875,26,126
er_n8_p0.3_seed0,0,1,sabre,9,32,QAOA_p2,1.0625,26,126
er_n8_p0.3_seed0,0,1,sabre,10,32,QAOA_p2,1.125,26,126
er_n8_p0.3_seed0,0,1,sabre,11,32,QAOA_p2,1.375,26,126
er_n8_p0.3_seed0,0,1,sabre,12,32,QAOA_p2,1.25,26,126
er_n8_p0.3_seed0,0,1,sabre,13,32,QAOA_p2,1.0,26,126
er_n8_p0.3_seed0,0,1,sabre,14,32,QAOA_p2,1.53125,26,126
er_n8_p0.3_seed0,0,1,sabre,15,32,QAOA_p2,1.25,26,126
er_n8_p0.3_seed0,0,1,sabre,16,32,QAOA_p2,1.25,26,126
er_n8_p0.3_seed0,0,1,sabre,17,32,QAOA_p2,1.34375,26,126
er_n8_p0.3_seed0,0,1,sabre,18,32,QAOA_p2,1.65625,26,126
er_n8_p0.3_seed0,0,1,sabre,19,32,QAOA_p2,1.59375,26,126
er_n8_p0.3_seed0,0,1,sabre,0,64,QAOA_p2,1.296875,26,126
er_n8_p0.3_seed0,0,1,sabre,1,64,QAOA_p2,1.25,26,126
er_n8_p0.3_seed0,0,1,sabre,2,64,QAOA_p2,1.40625,26,126
er_n8_p0.3_seed0,0,1,sabre,3,64,QAOA_p2,1.3125,26,126
er_n8_p0.3_seed0,0,1,sabre,4,64,QAOA_p2,1.359375,26,126
er_n8_p0.3_seed0,0,1,sabre,5,64,QAOA_p2,1.1875,26,126
er_n8_p0.3_seed0,0,1,sabre,6,64,QAOA_p2,1.375,26,126
er_n8_p0.3_seed0,0,1,sabre,7,64,QAOA_p2,1.40625,26,126
er_n8_p0.3_seed0,0,1,sabre,8,64,QAOA_p2,1.453125,26,126
er_n8_p0.3_seed0,0,1,sabre,9,64,QAOA_p2,1.15625,26,126
er_n8_p0.3_seed0,0,1,sabre,10,64,QAOA_p2,1.234375,26,126
er_n8_p0.3_seed0,0,1,sabre,11,64,QAOA_p2,1.359375,26,126
er_n8_p0.3_seed0,0,1,sabre,12,64,QAOA_p2,1.171875,26,126
er_n8_p0.3_seed0,0,1,sabre,13,64,QAOA_p2,1.09375,26,126
er_n8_p0.3_seed0,0,1,sabre,14,64,QAOA_p2,1.328125,26,126
er_n8_p0.3_seed0,0,1,sabre,15,64,QAOA_p2,1.3125,26,126
er_n8_p0.3_seed0,0,1,sabre,16,64,QAOA_p2,1.25,26,126
er_n8_p0.3_seed0,0,1,sabre,17,64,QAOA_p2,1.40625,26,126
er_n8_p0.3_seed0,0,1,sabre,18,64,QAOA_p2,1.515625,26,126
er_n8_p0.3_seed0,0,1,sabre,19,64,QAOA_p2,1.3125,26,126
er_n8_p0.3_seed0,0,1,sabre,0,256,QAOA_p2,1.23828125,26,126
er_n8_p0.3_seed0,0,1,sabre,1,256,QAOA_p2,1.3203125,26,126
er_n8_p0.3_seed0,0,1,sabre,2,256,QAOA_p2,1.29296875,26,126
er_n8_p0.3_seed0,0,1,sabre,3,256,QAOA_p2,1.34765625,26,126
er_n8_p0.3_seed0,0,1,sabre,4,256,QAOA_p2,1.37109375,26,126
er_n8_p0.3_seed0,0,1,sabre,5,256,QAOA_p2,1.23828125,26,126
er_n8_p0.3_seed0,0,1,sabre,6,256,QAOA_p2,1.30859375,26,126
er_n8_p0.3_seed0,0,1,sabre,7,256,QAOA_p2,1.3359375,26,126
er_n8_p0.3_seed0,0,1,sabre,8,256,QAOA_p2,1.3359375,26,126
er_n8_p0.3_seed0,0,1,sabre,9,256,QAOA_p2,1.29296875,26,126
er_n8_p0.3_seed0,0,1,sabre,10,256,QAOA_p2,1.3203125,26,126
er_n8_p0.3_seed0,0,1,sabre,11,256,QAOA_p2,1.3359375,26,126
er_n8_p0.3_seed0,0,1,sabre,12,256,QAOA_p2,1.171875,26,126
er_n8_p0.3_seed0,0,1,sabre,13,256,QAOA_p2,1.30859375,26,126
er_n8_p0.3_seed0,0,1,sabre,14,256,QAOA_p2,1.234375,26,126
er_n8_p0.3_seed0,0,1,sabre,15,256,QAOA_p2,1.37109375,26,126
er_n8_p0.3_seed0,0,1,sabre,16,256,QAOA_p2,1.234375,26,126
er_n8_p0.3_seed0,0,1,sabre,17,256,QAOA_p2,1.390625,26,126
er_n8_p0.3_seed0,0,1,sabre,18,256,QAOA_p2,1.34765625,26,126
er_n8_p0.3_seed0,0,1,sabre,19,256,QAOA_p2,1.265625,26,126
er_n8_p0.3_seed0,0,1,sabre,0,1024,QAOA_p2,1.294921875,26,126
er_n8_p0.3_seed0,0,1,sabre,1,1024,QAOA_p2,1.3154296875,26,126
er_n8_p0.3_seed0,0,1,sabre,2,1024,QAOA_p2,1.3154296875,26,126
er_n8_p0.3_seed0,0,1,sabre,3,1024,QAOA_p2,1.3203125,26,126
er_n8_p0.3_seed0,0,1,sabre,4,1024,QAOA_p2,1.3037109375,26,126
er_n8_p0.3_seed0,0,1,sabre,5,1024,QAOA_p2,1.25,26,126
er_n8_p0.3_seed0,0,1,sabre,6,1024,QAOA_p2,1.322265625,26,126
er_n8_p0.3_seed0,0,1,sabre,7,1024,QAOA_p2,1.2998046875,26,126
er_n8_p0.3_seed0,0,1,sabre,8,1024,QAOA_p2,1.3681640625,26,126
er_n8_p0.3_seed0,0,1,sabre,9,1024,QAOA_p2,1.3251953125,26,126
er_n8_p0.3_seed0,0,1,sabre,10,1024,QAOA_p2,1.310546875,26,126
er_n8_p0.3_seed0,0,1,sabre,11,1024,QAOA_p2,1.365234375,26,126
er_n8_p0.3_seed0,0,1,sabre,12,1024,QAOA_p2,1.28125,26,126
er_n8_p0.3_seed0,0,1,sabre,13,1024,QAOA_p2,1.3330078125,26,126
er_n8_p0.3_seed0,0,1,sabre,14,1024,QAOA_p2,1.3017578125,26,126
er_n8_p0.3_seed0,0,1,sabre,15,1024,QAOA_p2,1.3515625,26,126
er_n8_p0.3_seed0,0,1,sabre,16,1024,QAOA_p2,1.248046875,26,126
er_n8_p0.3_seed0,0,1,sabre,17,1024,QAOA_p2,1.3564453125,26,126
er_n8_p0.3_seed0,0,1,sabre,18,1024,QAOA_p2,1.3125,26,126
er_n8_p0.3_seed0,0,1,sabre,19,1024,QAOA_p2,1.3271484375,26,126
er_n8_p0.3_seed0,0,1,sabre,0,16,RandomBaseline,1.5,4,32
er_n8_p0.3_seed0,0,1,sabre,1,16,RandomBaseline,2.1875,4,32
er_n8_p0.3_seed0,0,1,sabre,2,16,RandomBaseline,2.3125,4,32
er_n8_p0.3_seed0,0,1,sabre,3,16,RandomBaseline,2.625,4,32
er_n8_p0.3_seed0,0,1,sabre,4,16,RandomBaseline,1.9375,4,32
er_n8_p0.3_seed0,0,1,sabre,5,16,RandomBaseline,2.25,4,32
er_n8_p0.3_seed0,0,1,sabre,6,16,RandomBaseline,1.9375,4,32
er_n8_p0.3_seed0,0,1,sabre,7,16,RandomBaseline,1.75,4,32
er_n8_p0.3_seed0,0,1,sabre,8,16,RandomBaseline,2.25,4,32
er_n8_p0.3_seed0,0,1,sabre,9,16,RandomBaseline,1.75,4,32
er_n8_p0.3_seed0,0,1,sabre,10,16,RandomBaseline,2.625,4,32
er_n8_p0.3_seed0,0,1,sabre,11,16,RandomBaseline,1.5625,4,32
er_n8_p0.3_seed0,0,1,sabre,12,16,RandomBaseline,2.125,4,32
er_n8_p0.3_seed0,0,1,sabre,13,16,RandomBaseline,2.1875,4,32
er_n8_p0.3_seed0,0,1,sabre,14,16,RandomBaseline,1.875,4,32
er_n8_p0.3_seed0,0,1,sabre,15,16,RandomBaseline,2.0,4,32
er_n8_p0.3_seed0,0,1,sabre,16,16,RandomBaseline,2.4375,4,32
er_n8_p0.3_seed0,0,1,sabre,17,16,RandomBaseline,1.75,4,32
er_n8_p0.3_seed0,0,1,sabre,18,16,RandomBaseline,2.3125,4,32
er_n8_p0.3_seed0,0,1,sabre,19,16,RandomBaseline,2.0,4,32
er_n8_p0.3_seed0,0,1,sabre,0,32,RandomBaseline,1.78125,4,32
er_n8_p0.3_seed0,0,1,sabre,1,32,RandomBaseline,2.125,4,32
er_n8_p0.3_seed0,0,1,sabre,2,32,RandomBaseline,2.375,4,32
er_n8_p0.3_seed0,0,1,sabre,3,32,RandomBaseline,2.5,4,32
er_n8_p0.3_seed0,0,1,sabre,4,32,RandomBaseline,2.03125,4,32
er_n8_p0.3_seed0,0,1,sabre,5,32,RandomBaseline,1.84375,4,32
er_n8_p0.3_seed0,0,1,sabre,6,32,RandomBaseline,2.0625,4,32
er_n8_p0.3_seed0,0,1,sabre,7,32,RandomBaseline,1.9375,4,32
er_n8_p0.3_seed0,0,1,sabre,8,32,RandomBaseline,1.90625,4,32
er_n8_p0.3_seed0,0,1,sabre,9,32,RandomBaseline,1.90625,4,32
er_n8_p0.3_seed0,0,1,sabre,10,32,RandomBaseline,2.21875,4,32
er_n8_p0.3_seed0,0,1,sabre,11,32,RandomBaseline,1.625,4,32
er_n8_p0.3_seed0,0,1,sabre,12,32,RandomBaseline,1.90625,4,32
er_n8_p0.3_seed0,0,1,sabre,13,32,RandomBaseline,2.125,4,32
er_n8_p0.3_seed0,0,1,sabre,14,32,RandomBaseline,2.0,4,32
er_n8_p0.3_seed0,0,1,sabre,15,32,RandomBaseline,1.75,4,32
er_n8_p0.3_seed0,0,1,sabre,16,32,RandomBaseline,2.1875,4,32
er_n8_p0.3_seed0,0,1,sabre,17,32,RandomBaseline,2.0,4,32
er_n8_p0.3_seed0,0,1,sabre,18,32,RandomBaseline,1.84375,4,32
er_n8_p0.3_seed0,0,1,sabre,19,32,RandomBaseline,2.0625,4,32
er_n8_p0.3_seed0,0,1,sabre,0,64,RandomBaseline,1.84375,4,32
er_n8_p0.3_seed0,0,1,sabre,1,64,RandomBaseline,2.109375,4,32
er_n8_p0.3_seed0,0,1,sabre,2,64,RandomBaseline,2.328125,4,32
er_n8_p0.3_seed0,0,1,sabre,3,64,RandomBaseline,2.28125,4,32
er_n8_p0.3_seed0,0,1,sabre,4,64,RandomBaseline,2.109375,4,32
er_n8_p0.3_seed0,0,1,sabre,5,64,RandomBaseline,1.953125,4,32
er_n8_p0.3_seed0,0,1,sabre,6,64,RandomBaseline,1.984375,4,32
er_n8_p0.3_seed0,0,1,sabre,7,64,RandomBaseline,1.9375,4,32
er_n8_p0.3_seed0,0,1,sabre,8,64,RandomBaseline,1.875,4,32
er_n8_p0.3_seed0,0,1,sabre,9,64,RandomBaseline,1.9375,4,32
er_n8_p0.3_seed0,0,1,sabre,10,64,RandomBaseline,2.21875,4,32
er_n8_p0.3_seed0,0,1,sabre,11,64,RandomBaseline,1.65625,4,32
er_n8_p0.3_seed0,0,1,sabre,12,64,RandomBaseline,1.953125,4,32
er_n8_p0.3_seed0,0,1,sabre,13,64,RandomBaseline,2.0,4,32
er_n8_p0.3_seed0,0,1,sabre,14,64,RandomBaseline,2.015625,4,32
er_n8_p0.3_seed0,0,1,sabre,15,64,RandomBaseline,1.703125,4,32
er_n8_p0.3_seed0,0,1,sabre,16,64,RandomBaseline,2.03125,4,32
er_n8_p0.3_seed0,0,1,sabre,17,64,RandomBaseline,2.03125,4,32
er_n8_p0.3_seed0,0,1,sabre,18,64,RandomBaseline,1.921875,4,32
er_n8_p0.3_seed0,0,1,sabre,19,64,RandomBaseline,2.0625,4,32
er_n8_p0.3_seed0,0,1,sabre,0,256,RandomBaseline,1.89453125,4,32
er_n8_p0.3_seed0,0,1,sabre,1,256,RandomBaseline,1.984375,4,32
er_n8_p0.3_seed0,0,1,sabre,2,256,RandomBaseline,2.08984375,4,32
er_n8_p0.3_seed0,0,1,sabre,3,256,RandomBaseline,2.07421875,4,32
er_n8_p0.3_seed0,0,1,sabre,4,256,RandomBaseline,2.07421875,4,32
er_n8_p0.3_seed0,0,1,sabre,5,256,RandomBaseline,1.90625,4,32
er_n8_p0.3_seed0,0,1,sabre,6,256,RandomBaseline,2.01953125,4,32
er_n8_p0.3_seed0,0,1,sabre,7,256,RandomBaseline,1.92578125,4,32
er_n8_p0.3_seed0,0,1,sabre,8,256,RandomBaseline,2.0,4,32
er_n8_p0.3_seed0,0,1,sabre,9,256,RandomBaseline,1.9609375,4,32
er_n8_p0.3_seed0,0,1,sabre,10,256,RandomBaseline,2.03515625,4,32
er_n8_p0.3_seed0,0,1,sabre,11,256,RandomBaseline,1.83203125,4,32
er_n8_p0.3_seed0,0,1,sabre,12,256,RandomBaseline,2.0625,4,32
er_n8_p0.3_seed0,0,1,sabre,13,256,RandomBaseline,2.01171875,4,32
er_n8_p0.3_seed0,0,1,sabre,14,256,RandomBaseline,1.9765625,4,32
er_n8_p0.3_seed0,0,1,sabre,15,256,RandomBaseline,1.8125,4,32
er_n8_p0.3_seed0,0,1,sabre,16,256,RandomBaseline,1.98046875,4,32
er_n8_p0.3_seed0,0,1,sabre,17,256,RandomBaseline,1.98828125,4,32
er_n8_p0.3_seed0,0,1,sabre,18,256,RandomBaseline,1.9296875,4,32
er_n8_p0.3_seed0,0,1,sabre,19,256,RandomBaseline,1.9140625,4,32
er_n8_p0.3_seed0,0,1,sabre,0,1024,RandomBaseline,1.9736328125,4,32
er_n8_p0.3_seed0,0,1,sabre,1,1024,RandomBaseline,1.9931640625,4,32
er_n8_p0.3_seed0,0,1,sabre,2,1024,RandomBaseline,2.0400390625,4,32
er_n8_p0.3_seed0,0,1,sabre,3,1024,RandomBaseline,2.0283203125,4,32
er_n8_p0.3_seed0,0,1,sabre,4,1024,RandomBaseline,2.009765625,4,32
er_n8_p0.3_seed0,0,1,sabre,5,1024,RandomBaseline,1.953125,4,32
er_n8_p0.3_seed0,0,1,sabre,6,1024,RandomBaseline,1.9990234375,4,32
er_n8_p0.3_seed0,0,1,sabre,7,1024,RandomBaseline,1.94921875,4,32
er_n8_p0.3_seed0,0,1,sabre,8,1024,RandomBaseline,2.0068359375,4,32
er_n8_p0.3_seed0,0,1,sabre,9,1024,RandomBaseline,1.962890625,4,32
er_n8_p0.3_seed0,0,1,sabre,10,1024,RandomBaseline,1.978515625,4,32
er_n8_p0.3_seed0,0,1,sabre,11,1024,RandomBaseline,1.98828125,4,32
er_n8_p0.3_seed0,0,1,sabre,12,1024,RandomBaseline,2.060546875,4,32
er_n8_p0.3_seed0,0,1,sabre,13,1024,RandomBaseline,1.9609375,4,32
er_n8_p0.3_seed0,0,1,sabre,14,1024,RandomBaseline,2.0,4,32
er_n8_p0.3_seed0,0,1,sabre,15,1024,RandomBaseline,1.9326171875,4,32
er_n8_p0.3_seed0,0,1,sabre,16,1024,RandomBaseline,1.97265625,4,32
er_n8_p0.3_seed0,0,1,sabre,17,1024,RandomBaseline,2.048828125,4,32
er_n8_p0.3_seed0,0,1,sabre,18,1024,RandomBaseline,1.97265625,4,32
er_n8_p0.3_seed0,0,1,sabre,19,1024,RandomBaseline,1.9912109375,4,32
er_n8_p0.3_seed1,0,1,sabre,0,16,QAOA_p1,5.5,51,126
er_n8_p0.3_seed1,0,1,sabre,1,16,QAOA_p1,5.9375,51,126
er_n8_p0.3_seed1,0,1,sabre,2,16,QAOA_p1,6.0,51,126
er_n8_p0.3_seed1,0,1,sabre,3,16,QAOA_p1,5.0625,51,126
er_n8_p0.3_seed1,0,1,sabre,4,16,QAOA_p1,5.25,51,126
er_n8_p0.3_seed1,0,1,sabre,5,16,QAOA_p1,5.375,51,126
er_n8_p0.3_seed1,0,1,sabre,6,16,QAOA_p1,5.0625,51,126
er_n8_p0.3_seed1,0,1,sabre,7,16,QAOA_p1,5.875,51,126
er_n8_p0.3_seed1,0,1,sabre,8,16,QAOA_p1,5.8125,51,126
er_n8_p0.3_seed1,0,1,sabre,9,16,QAOA_p1,5.0,51,126
er_n8_p0.3_seed1,0,1,sabre,10,16,QAOA_p1,5.875,51,126
er_n8_p0.3_seed1,0,1,sabre,11,16,QAOA_p1,5.4375,51,126
er_n8_p0.3_seed1,0,1,sabre,12,16,QAOA_p1,5.3125,51,126
er_n8_p0.3_seed1,0,1,sabre,13,16,QAOA_p1,5.75,51,126
er_n8_p0.3_seed1,0,1,sabre,14,16,QAOA_p1,5.8125,51,126
er_n8_p0.3_seed1,0,1,sabre,15,16,QAOA_p1,5.125,51,126
er_n8_p0.3_seed1,0,1,sabre,16,16,QAOA_p1,5.5625,51,126
er_n8_p0.3_seed1,0,1,sabre,17,16,QAOA_p1,5.375,51,126
er_n8_p0.3_seed1,0,1,sabre,18,16,QAOA_p1,5.4375,51,126
er_n8_p0.3_seed1,0,1,sabre,19,16,QAOA_p1,5.3125,51,126
er_n8_p0.3_seed1,0,1,sabre,0,32,QAOA_p1,5.78125,51,126
er_n8_p0.3_seed1,0,1,sabre,1,32,QAOA_p1,5.65625,51,126
er_n8_p0.3_seed1,0,1,sabre,2,32,QAOA_p1,5.75,51,126
er_n8_p0.3_seed1,0,1,sabre,3,32,QAOA_p1,5.3125,51,126
er_n8_p0.3_seed1,0,1,sabre,4,32,QAOA_p1,5.40625,51,126
er_n8_p0.3_seed1,0,1,sabre,5,32,QAOA_p1,5.0625,51,126
er_n8_p0.3_seed1,0,1,sabre,6,32,QAOA_p1,5.4375,51,126
er_n8_p0.3_seed1,0,1,sabre,7,32,QAOA_p1,5.65625,51,126
er_n8_p0.3_seed1,0,1,sabre,8,32,QAOA_p1,5.6875,51,126
er_n8_p0.3_seed1,0,1,sabre,9,32,QAOA_p1,5.34375,51,126
er_n8_p0.3_seed1,0,1,sabre,10,32,QAOA_p1,5.8125,51,126
er_n8_p0.3_seed1,0,1,sabre,11,32,QAOA_p1,5.875,51,126
er_n8_p0.3_seed1,0,1,sabre,12,32,QAOA_p1,5.53125,51,126
er_n8_p0.3_seed1,0,1,sabre,13,32,QAOA_p1,5.1875,51,126
er_n8_p0.3_seed1,0,1,sabre,14,32,QAOA_p1,5.78125,51,126
er_n8_p0.3_seed1,0,1,sabre,15,32,QAOA_p1,5.71875,51,126
er_n8_p0.3_seed1,0,1,sabre,16,32,QAOA_p1,5.90625,51,126
er_n8_p0.3_seed1,0,1,sabre,17,32,QAOA_p1,5.34375,51,126
er_n8_p0.3_seed1,0,1,sabre,18,32,QAOA_p1,5.625,51,126
er_n8_p0.3_seed1,0,1,sabre,19,32,QAOA_p1,5.0,51,126
er_n8_p0.3_seed1,0,1,sabre,0,64,QAOA_p1,5.828125,51,126
er_n8_p0.3_seed1,0,1,sabre,1,64,QAOA_p1,5.65625,51,126
er_n8_p0.3_seed1,0,1,sabre,2,64,QAOA_p1,5.765625,51,126
er_n8_p0.3_seed1,0,1,sabre,3,64,QAOA_p1,5.421875,51,126
er_n8_p0.3_seed1,0,1,sabre,4,64,QAOA_p1,5.28125,51,126
er_n8_p0.3_seed1,0,1,sabre,5,64,QAOA_p1,5.421875,51,126
er_n8_p0.3_seed1,0,1,sabre,6,64,QAOA_p1,5.375,51,126
er_n8_p0.3_seed1,0,1,sabre,7,64,QAOA_p1,5.734375,51,126
er_n8_p0.3_seed1,0,1,sabre,8,64,QAOA_p1,5.65625,51,126
er_n8_p0.3_seed1,0,1,sabre,9,64,QAOA_p1,5.515625,51,126
er_n8_p0.3_seed1,0,1,sabre,10,64,QAOA_p1,5.78125,51,126
er_n8_p0.3_seed1,0,1,sabre,11,64,QAOA_p1,5.765625,51,126
er_n8_p0.3_seed1,0,1,sabre,12,64,QAOA_p1,5.515625,51,126
er_n8_p0.3_seed1,0,1,sabre,13,64,QAOA_p1,5.390625,51,126
er_n8_p0.3_seed1,0,1,sabre,14,64,QAOA_p1,5.5625,51,126
er_n8_p0.3_seed1,0,1,sabre,15,64,QAOA_p1,5.5625,51,126
er_n8_p0.3_seed1,0,1,sabre,16,64,QAOA_p1,5.921875,51,126
er_n8_p0.3_seed1,0,1,sabre,17,64,QAOA_p1,5.265625,51,126
er_n8_p0.3_seed1,0,1,sabre,18,64,QAOA_p1,5.59375,51,126
er_n8_p0.3_seed1,0,1,sabre,19,64,QAOA_p1,5.03125,51,126
er_n8_p0.3_seed1,0,1,sabre,0,256,QAOA_p1,5.546875,51,126
er_n8_p0.3_seed1,0,1,sabre,1,256,QAOA_p1,5.703125,51,126
er_n8_p0.3_seed1,0,1,sabre,2,256,QAOA_p1,5.66796875,51,126
er_n8_p0.3_seed1,0,1,sabre,3,256,QAOA_p1,5.7109375,51,126
er_n8_p0.3_seed1,0,1,sabre,4,256,QAOA_p1,5.36328125,51,126
er_n8_p0.3_seed1,0,1,sabre,5,256,QAOA_p1,5.45703125,51,126
er_n8_p0.3_seed1,0,1,sabre,6,256,QAOA_p1,5.609375,51,126
er_n8_p0.3_seed1,0,1,sabre,7,256,QAOA_p1,5.57421875,51,126
er_n8_p0.3_seed1,0,1,sabre,8,256,QAOA_p1,5.59375,51,126
er_n8_p0.3_seed1,0,1,sabre,9,256,QAOA_p1,5.66015625,51,126
er_n8_p0.3_seed1,0,1,sabre,10,256,QAOA_p1,5.5546875,51,126
er_n8_p0.3_seed1,0,1,sabre,11,256,QAOA_p1,5.625,51,126
er_n8_p0.3_seed1,0,1,sabre,12,256,QAOA_p1,5.5234375,51,126
er_n8_p0.3_seed1,0,1,sabre,13,256,QAOA_p1,5.56640625,51,126
er_n8_p0.3_seed1,0,1,sabre,14,256,QAOA_p1,5.44921875,51,126
er_n8_p0.3_seed1,0,1,sabre,15,256,QAOA_p1,5.703125,51,126
er_n8_p0.3_seed1,0,1,sabre,16,256,QAOA_p1,5.60546875,51,126
er_n8_p0.3_seed1,0,1,sabre,17,256,QAOA_p1,5.546875,51,126
er_n8_p0.3_seed1,0,1,sabre,18,256,QAOA_p1,5.515625,51,126
er_n8_p0.3_seed1,0,1,sabre,19,256,QAOA_p1,5.33203125,51,126
er_n8_p0.3_seed1,0,1,sabre,0,1024,QAOA_p1,5.560546875,51,126
er_n8_p0.3_seed1,0,1,sabre,1,1024,QAOA_p1,5.615234375,51,126
er_n8_p0.3_seed1,0,1,sabre,2,1024,QAOA_p1,5.6123046875,51,126
er_n8_p0.3_seed1,0,1,sabre,3,1024,QAOA_p1,5.5810546875,51,126
er_n8_p0.3_seed1,0,1,sabre,4,1024,QAOA_p1,5.5087890625,51,126
er_n8_p0.3_seed1,0,1,sabre,5,1024,QAOA_p1,5.4775390625,51,126
er_n8_p0.3_seed1,0,1,sabre,6,1024,QAOA_p1,5.556640625,51,126
er_n8_p0.3_seed1,0,1,sabre,7,1024,QAOA_p1,5.6337890625,51,126
er_n8_p0.3_seed1,0,1,sabre,8,1024,QAOA_p1,5.63671875,51,126
er_n8_p0.3_seed1,0,1,sabre,9,1024,QAOA_p1,5.564453125,51,126
er_n8_p0.3_seed1,0,1,sabre,10,1024,QAOA_p1,5.5166015625,51,126
er_n8_p0.3_seed1,0,1,sabre,11,1024,QAOA_p1,5.5859375,51,126
er_n8_p0.3_seed1,0,1,sabre,12,1024,QAOA_p1,5.4794921875,51,126
er_n8_p0.3_seed1,0,1,sabre,13,1024,QAOA_p1,5.5205078125,51,126
er_n8_p0.3_seed1,0,1,sabre,14,1024,QAOA_p1,5.5595703125,51,126
er_n8_p0.3_seed1,0,1,sabre,15,1024,QAOA_p1,5.5537109375,51,126
er_n8_p0.3_seed1,0,1,sabre,16,1024,QAOA_p1,5.591796875,51,126
er_n8_p0.3_seed1,0,1,sabre,17,1024,QAOA_p1,5.57421875,51,126
er_n8_p0.3_seed1,0,1,sabre,18,1024,QAOA_p1,5.4951171875,51,126
er_n8_p0.3_seed1,0,1,sabre,19,1024,QAOA_p1,5.482421875,51,126
er_n8_p0.3_seed1,0,1,sabre,0,16,QAOA_p2,4.75,87,229
er_n8_p0.3_seed1,0,1,sabre,1,16,QAOA_p2,5.3125,87,229
er_n8_p0.3_seed1,0,1,sabre,2,16,QAOA_p2,5.4375,87,229
er_n8_p0.3_seed1,0,1,sabre,3,16,QAOA_p2,5.8125,87,229
er_n8_p0.3_seed1,0,1,sabre,4,16,QAOA_p2,5.0,87,229
er_n8_p0.3_seed1,0,1,sabre,5,16,QAOA_p2,5.6875,87,229
er_n8_p0.3_seed1,0,1,sabre,6,16,QAOA_p2,5.0625,87,229
er_n8_p0.3_seed1,0,1,sabre,7,16,QAOA_p2,4.75,87,229
er_n8_p0.3_seed1,0,1,sabre,8,16,QAOA_p2,5.3125,87,229
er_n8_p0.3_seed1,0,1,sabre,9,16,QAOA_p2,4.8125,87,229
er_n8_p0.3_seed1,0,1,sabre,10,16,QAOA_p2,4.875,87,229
er_n8_p0.3_seed1,0,1,sabre,11,16,QAOA_p2,4.625,87,229
er_n8_p0.3_seed1,0,1,sabre,12,16,QAOA_p2,4.9375,87,229
er_n8_p0.3_seed1,0,1,sabre,13,16,QAOA_p2,5.375,87,229
er_n8_p0.3_seed1,0,1,sabre,14,16,QAOA_p2,5.1875,87,229
er_n8_p0.3_seed1,0,1,sabre,15,16,QAOA_p2,5.4375,87,229
er_n8_p0.3_seed1,0,1,sabre,16,16,QAOA_p2,5.0,87,229
er_n8_p0.3_seed1,0,1,sabre,17,16,QAOA_p2,5.1875,87,229
er_n8_p0.3_seed1,0,1,sabre,18,16,QAOA_p2,4.875,87,229
er_n8_p0.3_seed1,0,1,sabre,19,16,QAOA_p2,6.25,87,229
er_n8_p0.3_seed1,0,1,sabre,0,32,QAOA_p2,4.84375,87,229
er_n8_p0.3_seed1,0,1,sabre,1,32,QAOA_p2,5.03125,87,229
er_n8_p0.3_seed1,0,1,sabre,2,32,QAOA_p2,5.34375,87,229
er_n8_p0.3_seed1,0,1,sabre,3,32,QAOA_p2,5.46875,87,229
er_n8_p0.3_seed1,0,1,sabre,4,32,QAOA_p2,4.90625,87,229
er_n8_p0.3_seed1,0,1,sabre,5,32,QAOA_p2,5.3125,87,229
er_n8_p0.3_seed1,0,1,sabre,6,32,QAOA_p2,5.15625,87,229
er_n8_p0.3_seed1,0,1,sabre,7,32,QAOA_p2,4.78125,87,229
er_n8_p0.3_seed1,0,1,sabre,8,32,QAOA_p2,5.5625,87,229
er_n8_p0.3_seed1,0,1,sabre,9,32,QAOA_p2,5.03125,87,229
er_n8_p0.3_seed1,0,1,sabre,10,32,QAOA_p2,5.03125,87,229
er_n8_p0.3_seed1,0,1,sabre,11,32,QAOA_p2,4.90625,87,229
er_n8_p0.3_seed1,0,1,sabre,12,32,QAOA_p2,5.125,87,229
er_n8_p0.3_seed1,0,1,sabre,13,32,QAOA_p2,5.03125,87,229
er_n8_p0.3_seed1,0,1,sabre,14,32,QAOA_p2,4.8125,87,229
er_n8_p0.3_seed1,0,1,sabre,15,32,QAOA_p2,5.40625,87,229
er_n8_p0.3_seed1,0,1,sabre,16,32,QAOA_p2,5.53125,87,229
er_n8_p0.3_seed1,0,1,sabre,17,32,QAOA_p2,5.03125,87,229
er_n8_p0.3_seed1,0,1,sabre,18,32,QAOA_p2,5.15625,87,229
er_n8_p0.3_seed1,0,1,sabre,19,32,QAOA_p2,5.8125,87,229
er_n8_p0.3_seed1,0,1,sabre,0,64,QAOA_p2,5.140625,87,229
er_n8_p0.3_seed1,0,1,sabre,1,64,QAOA_p2,5.109375,87,229
er_n8_p0.3_seed1,0,1,sabre,2,64,QAOA_p2,5.3125,87,229
er_n8_p0.3_seed1,0,1,sabre,3,64,QAOA_p2,5.21875,87,229
er_n8_p0.3_seed1,0,1,sabre,4,64,QAOA_p2,5.109375,87,229
er_n8_p0.3_seed1,0,1,sabre,5,64,QAOA_p2,5.265625,87,229
er_n8_p0.3_seed1,0,1,sabre,6,64,QAOA_p2,5.15625,87,229
er_n8_p0.3_seed1,0,1,sabre,7,64,QAOA_p2,4.890625,87,229
er_n8_p0.3_seed1,0,1,sabre,8,64,QAOA_p2,5.34375,87,229
er_n8_p0.3_seed1,0,1,sabre,9,64,QAOA_p2,5.125,87,229
er_n8_p0.3_seed1,0,1,sabre,10,64,QAOA_p2,5.1875,87,229
er_n8_p0.3_seed1,0,1,sabre,11,64,QAOA_p2,4.90625,87,229
er_n8_p0.3_seed1,0,1,sabre,12,64,QAOA_p2,5.21875,87,229
er_n8_p0.3_seed1,0,1,sabre,13,64,QAOA_p2,5.0625,87,229
er_n8_p0.3_seed1,0,1,sabre,14,64,QAOA_p2,4.90625,87,229
er_n8_p0.3_seed1,0,1,sabre,15,64,QAOA_p2,5.40625,87,229
er_n8_p0.3_seed1,0,1,sabre,16,64,QAOA_p2,5.453125,87,229
er_n8_p0.3_seed1,0,1,sabre,17,64,QAOA_p2,5.125,87,229
er_n8_p0.3_seed1,0,1,sabre,18,64,QAOA_p2,5.265625,87,229
er_n8_p0.3_seed1,0,1,sabre,19,64,QAOA_p2,5.15625,87,229
er_n8_p0.3_seed1,0,1,sabre,0,256,QAOA_p2,5.06640625,87,229
er_n8_p0.3_seed1,0,1,sabre,1,256,QAOA_p2,5.21484375,87,229
er_n8_p0.3_seed1,0,1,sabre,2,256,QAOA_p2,5.12109375,87,229
er_n8_p0.3_seed1,0,1,sabre,3,256,QAOA_p2,5.26953125,87,229
er_n8_p0.3_seed1,0,1,sabre,4,256,QAOA_p2,5.09765625,87,229
er_n8_p0.3_seed1,0,1,sabre,5,256,QAOA_p2,5.17578125,87,229
er_n8_p0.3_seed1,0,1,sabre,6,256,QAOA_p2,5.2421875,87,229
er_n8_p0.3_seed1,0,1,sabre,7,256,QAOA_p2,5.2109375,87,229
er_n8_p0.3_seed1,0,1,sabre,8,256,QAOA_p2,5.1875,87,229
er_n8_p0.3_seed1,0,1,sabre,9,256,QAOA_p2,5.19140625,87,229
er_n8_p0.3_seed1,0,1,sabre,10,256,QAOA_p2,5.19140625,87,229
er_n8_p0.3_seed1,0,1,sabre,11,256,QAOA_p2,5.05859375,87,229
er_n8_p0.3_seed1,0,1,sabre,12,256,QAOA_p2,5.13671875,87,229
er_n8_p0.3_seed1,0,1,sabre,13,256,QAOA_p2,5.1875,87,229
er_n8_p0.3_seed1,0,1,sabre,14,256,QAOA_p2,5.078125,87,229
er_n8_p0.3_seed1,0,1,sabre,15,256,QAOA_p2,5.328125,87,229
er_n8_p0.3_seed1,0,1,sabre,16,256,QAOA_p2,5.26171875,87,229
er_n8_p0.3_seed1,0,1,sabre,17,256,QAOA_p2,5.27734375,87,229
er_n8_p0.3_seed1,0,1,sabre,18,256,QAOA_p2,5.1015625,87,229
er_n8_p0.3_seed1,0,1,sabre,19,256,QAOA_p2,5.140625,87,229
er_n8_p0.3_seed1,0,1,sabre,0,1024,QAOA_p2,5.1650390625,87,229
er_n8_p0.3_seed1,0,1,sabre,1,1024,QAOA_p2,5.1923828125,87,229
er_n8_p0.3_seed1,0,1,sabre,2,1024,QAOA_p2,5.2421875,87,229
er_n8_p0.3_seed1,0,1,sabre,3,1024,QAOA_p2,5.154296875,87,229
er_n8_p0.3_seed1,0,1,sabre,4,1024,QAOA_p2,5.1669921875,87,229
er_n8_p0.3_seed1,0,1,sabre,5,1024,QAOA_p2,5.119140625,87,229
er_n8_p0.3_seed1,0,1,sabre,6,1024,QAOA_p2,5.2080078125,87,229
er_n8_p0.3_seed1,0,1,sabre,7,1024,QAOA_p2,5.19921875,87,229
er_n8_p0.3_seed1,0,1,sabre,8,1024,QAOA_p2,5.30078125,87,229
er_n8_p0.3_seed1,0,1,sabre,9,1024,QAOA_p2,5.1796875,87,229
er_n8_p0.3_seed1,0,1,sabre,10,1024,QAOA_p2,5.1630859375,87,229
er_n8_p0.3_seed1,0,1,sabre,11,1024,QAOA_p2,5.185546875,87,229
er_n8_p0.3_seed1,0,1,sabre,12,1024,QAOA_p2,5.1826171875,87,229
er_n8_p0.3_seed1,0,1,sabre,13,1024,QAOA_p2,5.2353515625,87,229
er_n8_p0.3_seed1,0,1,sabre,14,1024,QAOA_p2,5.158203125,87,229
er_n8_p0.3_seed1,0,1,sabre,15,1024,QAOA_p2,5.2265625,87,229
er_n8_p0.3_seed1,0,1,sabre,16,1024,QAOA_p2,5.1474609375,87,229
er_n8_p0.3_seed1,0,1,sabre,17,1024,QAOA_p2,5.2841796875,87,229
er_n8_p0.3_seed1,0,1,sabre,18,1024,QAOA_p2,5.16015625,87,229
er_n8_p0.3_seed1,0,1,sabre,19,1024,QAOA_p2,5.1640625,87,229
er_n8_p0.3_seed1,0,1,sabre,0,16,RandomBaseline,4.625,4,32
er_n8_p0.3_seed1,0,1,sabre,1,16,RandomBaseline,5.625,4,32
er_n8_p0.3_seed1,0,1,sabre,2,16,RandomBaseline,5.875,4,32
er_n8_p0.3_seed1,0,1,sabre,3,16,RandomBaseline,5.3125,4,32
er_n8_p0.3_seed1,0,1,sabre,4,16,RandomBaseline,5.5,4,32
er_n8_p0.3_seed1,0,1,sabre,5,16,RandomBaseline,5.25,4,32
er_n8_p0.3_seed1,0,1,sabre,6,16,RandomBaseline,5.8125,4,32
er_n8_p0.3_seed1,0,1,sabre,7,16,RandomBaseline,5.5625,4,32
er_n8_p0.3_seed1,0,1,sabre,8,16,RandomBaseline,5.8125,4,32
er_n8_p0.3_seed1,0,1,sabre,9,16,RandomBaseline,4.75,4,32
er_n8_p0.3_seed1,0,1,sabre,10,16,RandomBaseline,5.5,4,32
er_n8_p0.3_seed1,0,1,sabre,11,16,RandomBaseline,5.0,4,32
er_n8_p0.3_seed1,0,1,sabre,12,16,RandomBaseline,5.0625,4,32
er_n8_p0.3_seed1,0,1,sabre,13,16,RandomBaseline,5.25,4,32
er_n8_p0.3_seed1,0,1,sabre,14,16,RandomBaseline,5.1875,4,32
er_n8_p0.3_seed1,0,1,sabre,15,16,RandomBaseline,5.8125,4,32
er_n8_p0.3_seed1,0,1,sabre,16,16,RandomBaseline,5.25,4,32
er_n8_p0.3_seed1,0,1,sabre,17,16,RandomBaseline,4.75,4,32
er_n8_p0.3_seed1,0,1,sabre,18,16,RandomBaseline,5.4375,4,32
er_n8_p0.3_seed1,0,1,sabre,19,16,RandomBaseline,5.5,4,32
er_n8_p0.3_seed1,0,1,sabre,0,32,RandomBaseline,4.84375,4,32
er_n8_p0.3_seed1,0,1,sabre,1,32,RandomBaseline,5.21875,4,32
er_n8_p0.3_seed1,0,1,sabre,2,32,RandomBaseline,5.9375,4,32
er_n8_p0.3_seed1,0,1,sabre,3,32,RandomBaseline,5.59375,4,32
er_n8_p0.3_seed1,0,1,sabre,4,32,RandomBaseline,5.59375,4,32
er_n8_p0.3_seed1,0,1,sabre,5,32,RandomBaseline,5.21875,4,32
er_n8_p0.3_seed1,0,1,sabre,6,32,RandomBaseline,5.75,4,32
er_n8_p0.3_seed1,0,1,sabre,7,32,RandomBaseline,4.96875,4,32
er_n8_p0.3_seed1,0,1,sabre,8,32,RandomBaseline,5.5625,4,32
er_n8_p0.3_seed1,0,1,sabre,9,32,RandomBaseline,5.15625,4,32
er_n8_p0.3_seed1,0,1,sabre,10,32,RandomBaseline,5.5625,4,32
er_n8_p0.3_seed1,0,1,sabre,11,32,RandomBaseline,5.28125,4,32
er_n8_p0.3_seed1,0,1,sabre,12,32,RandomBaseline,5.09375,4,32
er_n8_p0.3_seed1,0,1,sabre,13,32,RandomBaseline,5.21875,4,32
er_n8_p0.3_seed1,0,1,sabre,14,32,RandomBaseline,5.4375,4,32
er_n8_p0.3_seed1,0,1,sabre,15,32,RandomBaseline,5.71875,4,32
er_n8_p0.3_seed1,0,1,sabre,16,32,RandomBaseline,5.46875,4,32
er_n8_p0.3_seed1,0,1,sabre,17,32,RandomBaseline,5.0625,4,32
er_n8_p0.3_seed1,0,1,sabre,18,32,RandomBaseline,5.21875,4,32
er_n8_p0.3_seed1,0,1,sabre,19,32,RandomBaseline,5.65625,4,32
er_n8_p0.3_seed1,0,1,sabre,0,64,RandomBaseline,5.296875,4,32
er_n8_p0.3_seed1,0,1,sabre,1,64,RandomBaseline,5.3125,4,32
er_n8_p0.3_seed1,0,1,sabre,2,64,RandomBaseline,5.96875,4,32
er_n8_p0.3_seed1,0,1,sabre,3,64,RandomBaseline,5.671875,4,32
er_n8_p0.3_seed1,0,1,sabre,4,64,RandomBaseline,5.515625,4,32
er_n8_p0.3_seed1,0,1,sabre,5,64,RandomBaseline,5.484375,4,32
er_n8_p0.3_seed1,0,1,sabre,6,64,RandomBaseline,5.65625,4,32
er_n8_p0.3_seed1,0,1,sabre,7,64,RandomBaseline,5.1875,4,32
er_n8_p0.3_seed1,0,1,sabre,8,64,RandomBaseline,5.1875,4,32
er_n8_p0.3_seed1,0,1,sabre,9,64,RandomBaseline,5.15625,4,32
er_n8_p0.3_seed1,0,1,sabre,10,64,RandomBaseline,5.59375,4,32
er_n8_p0.3_seed1,0,1,sabre,11,64,RandomBaseline,5.296875,4,32
er_n8_p0.3_seed1,0,1,sabre,12,64,RandomBaseline,5.40625,4,32
er_n8_p0.3_seed1,0,1,sabre,13,64,RandomBaseline,5.1875,4,32
er_n8_p0.3_seed1,0,1,sabre,14,64,RandomBaseline,5.578125,4,32
er_n8_p0.3_seed1,0,1,sabre,15,64,RandomBaseline,5.703125,4,32
er_n8_p0.3_seed1,0,1,sabre,16,64,RandomBaseline,5.578125,4,32
er_n8_p0.3_seed1,0,1,sabre,17,64,RandomBaseline,5.265625,4,32
er_n8_p0.3_seed1,0,1,sabre,18,64,RandomBaseline,5.4375,4,32
er_n8_p0.3_seed1,0,1,sabre,19,64,RandomBaseline,5.34375,4,32
er_n8_p0.3_seed1,0,1,sabre,0,256,RandomBaseline,5.48828125,4,32
er_n8_p0.3_seed1,0,1,sabre,1,256,RandomBaseline,5.3515625,4,32
er_n8_p0.3_seed1,0,1,sabre,2,256,RandomBaseline,5.66796875,4,32
er_n8_p0.3_seed1,0,1,sabre,3,256,RandomBaseline,5.53515625,4,32
er_n8_p0.3_seed1,0,1,sabre,4,256,RandomBaseline,5.53515625,4,32
er_n8_p0.3_seed1,0,1,sabre,5,256,RandomBaseline,5.47265625,4,32
er_n8_p0.3_seed1,0,1,sabre,6,256,RandomBaseline,5.65625,4,32
er_n8_p0.3_seed1,0,1,sabre,7,256,RandomBaseline,5.48046875,4,32
er_n8_p0.3_seed1,0,1,sabre,8,256,RandomBaseline,5.52734375,4,32
er_n8_p0.3_seed1,0,1,sabre,9,256,RandomBaseline,5.3203125,4,32
er_n8_p0.3_seed1,0,1,sabre,10,256,RandomBaseline,5.52734375,4,32
er_n8_p0.3_seed1,0,1,sabre,11,256,RandomBaseline,5.38671875,4,32
er_n8_p0.3_seed1,0,1,sabre,12,256,RandomBaseline,5.40234375,4,32
er_n8_p0.3_seed1,0,1,sabre,13,256,RandomBaseline,5.4296875,4,32
er_n8_p0.3_seed1,0,1,sabre,14,256,RandomBaseline,5.58203125,4,32
er_n8_p0.3_seed1,0,1,sabre,15,256,RandomBaseline,5.5859375,4,32
er_n8_p0.3_seed1,0,1,sabre,16,256,RandomBaseline,5.5390625,4,32
er_n8_p0.3_seed1,0,1,sabre,17,256,RandomBaseline,5.390625,4,32
er_n8_p0.3_seed1,0,1,sabre,18,256,RandomBaseline,5.42578125,4,32
er_n8_p0.3_seed1,0,1,sabre,19,256,RandomBaseline,5.4375,4,32
er_n8_p0.3_seed1,0,1,sabre,0,1024,RandomBaseline,5.552734375,4,32
er_n8_p0.3_seed1,0,1,sabre,1,1024,RandomBaseline,5.4326171875,4,32
er_n8_p0.3_seed1,0,1,sabre,2,1024,RandomBaseline,5.64453125,4,32
er_n8_p0.3_seed1,0,1,sabre,3,1024,RandomBaseline,5.564453125,4,32
er_n8_p0.3_seed1,0,1,sabre,4,1024,RandomBaseline,5.4931640625,4,32
er_n8_p0.3_seed1,0,1,sabre,5,1024,RandomBaseline,5.5126953125,4,32
er_n8_p0.3_seed1,0,1,sabre,6,1024,RandomBaseline,5.5078125,4,32
er_n8_p0.3_seed1,0,1,sabre,7,1024,RandomBaseline,5.529296875,4,32
er_n8_p0.3_seed1,0,1,sabre,8,1024,RandomBaseline,5.552734375,4,32
er_n8_p0.3_seed1,0,1,sabre,9,1024,RandomBaseline,5.4853515625,4,32
er_n8_p0.3_seed1,0,1,sabre,10,1024,RandomBaseline,5.44140625,4,32
er_n8_p0.3_seed1,0,1,sabre,11,1024,RandomBaseline,5.5068359375,4,32
er_n8_p0.3_seed1,0,1,sabre,12,1024,RandomBaseline,5.4697265625,4,32
er_n8_p0.3_seed1,0,1,sabre,13,1024,RandomBaseline,5.48046875,4,32
er_n8_p0.3_seed1,0,1,sabre,14,1024,RandomBaseline,5.5126953125,4,32
er_n8_p0.3_seed1,0,1,sabre,15,1024,RandomBaseline,5.4775390625,4,32
er_n8_p0.3_seed1,0,1,sabre,16,1024,RandomBaseline,5.5107421875,4,32
er_n8_p0.3_seed1,0,1,sabre,17,1024,RandomBaseline,5.5126953125,4,32
er_n8_p0.3_seed1,0,1,sabre,18,1024,RandomBaseline,5.4423828125,4,32
er_n8_p0.3_seed1,0,1,sabre,19,1024,RandomBaseline,5.4091796875,4,32
er_n10_p0.25_seed0,0,1,sabre,0,16,QAOA_p1,1.1875,18,82
er_n10_p0.25_seed0,0,1,sabre,1,16,QAOA_p1,1.25,18,82
er_n10_p0.25_seed0,0,1,sabre,2,16,QAOA_p1,1.125,18,82
er_n10_p0.25_seed0,0,1,sabre,3,16,QAOA_p1,1.1875,18,82
er_n10_p0.25_seed0,0,1,sabre,4,16,QAOA_p1,1.3125,18,82
er_n10_p0.25_seed0,0,1,sabre,5,16,QAOA_p1,0.6875,18,82
er_n10_p0.25_seed0,0,1,sabre,6,16,QAOA_p1,1.1875,18,82
er_n10_p0.25_seed0,0,1,sabre,7,16,QAOA_p1,0.8125,18,82
er_n10_p0.25_seed0,0,1,sabre,8,16,QAOA_p1,1.25,18,82
er_n10_p0.25_seed0,0,1,sabre,9,16,QAOA_p1,1.0,18,82
er_n10_p0.25_seed0,0,1,sabre,10,16,QAOA_p1,1.4375,18,82
er_n10_p0.25_seed0,0,1,sabre,11,16,QAOA_p1,1.0625,18,82
er_n10_p0.25_seed0,0,1,sabre,12,16,QAOA_p1,1.1875,18,82
er_n10_p0.25_seed0,0,1,sabre,13,16,QAOA_p1,0.625,18,82
er_n10_p0.25_seed0,0,1,sabre,14,16,QAOA_p1,1.125,18,82
er_n10_p0.25_seed0,0,1,sabre,15,16,QAOA_p1,0.9375,18,82
er_n10_p0.25_seed0,0,1,sabre,16,16,QAOA_p1,0.625,18,82
er_n10_p0.25_seed0,0,1,sabre,17,16,QAOA_p1,1.0,18,82
er_n10_p0.25_seed0,0,1,sabre,18,16,QAOA_p1,1.0,18,82
er_n10_p0.25_seed0,0,1,sabre,19,16,QAOA_p1,0.75,18,82
er_n10_p0.25_seed0,0,1,sabre,0,32,QAOA_p1,1.15625,18,82
er_n10_p0.25_seed0,0,1,sabre,1,32,QAOA_p1,1.03125,18,82
er_n10_p0.25_seed0,0,1,sabre,2,32,QAOA_p1,1.15625,18,82
er_n10_p0.25_seed0,0,1,sabre,3,32,QAOA_p1,0.96875,18,82
er_n10_p0.25_seed0,0,1,sabre,4,32,QAOA_p1,1.15625,18,82
er_n10_p0.25_seed0,0,1,sabre,5,32,QAOA_p1,0.78125,18,82
er_n10_p0.25_seed0,0,1,sabre,6,32,QAOA_p1,1.125,18,82
er_n10_p0.25_seed0,0,1,sabre,7,32,QAOA_p1,0.75,18,82
er_n10_p0.25_seed0,0,1,sabre,8,32,QAOA_p1,1.25,18,82
er_n10_p0.25_seed0,0,1,sabre,9,32,QAOA_p1,1.15625,18,82
er_n10_p0.25_seed0,0,1,sabre,10,32,QAOA_p1,1.1875,18,82
er_n10_p0.25_seed0,0,1,sabre,11,32,QAOA_p1,1.0625,18,82
er_n10_p0.25_seed0,0,1,sabre,12,32,QAOA_p1,0.96875,18,82
er_n10_p0.25_seed0,0,1,sabre,13,32,QAOA_p1,0.75,18,82
er_n10_p0.25_seed0,0,1,sabre,14,32,QAOA_p1,1.0,18,82
er_n10_p0.25_seed0,0,1,sabre,15,32,QAOA_p1,1.0625,18,82
er_n10_p0.25_seed0,0,1,sabre,16,32,QAOA_p1,0.96875,18,82
er_n10_p0.25_seed0,0,1,sabre,17,32,QAOA_p1,1.125,18,82
er_n10_p0.25_seed0,0,1,sabre,18,32,QAOA_p1,1.1875,18,82
er_n10_p0.25_seed0,0,1,sabre,19,32,QAOA_p1,0.9375,18,82
er_n10_p0.25_seed0,0,1,sabre,0,64,QAOA_p1,1.140625,18,82
er_n10_p0.25_seed0,0,1,sabre,1,64,QAOA_p1,0.875,18,82
er_n10_p0.25_seed0,0,1,sabre,2,64,QAOA_p1,1.125,18,82
er_n10_p0.25_seed0,0,1,sabre,3,64,QAOA_p1,0.9375,18,82
er_n10_p0.25_seed0,0,1,sabre,4,64,QAOA_p1,1.109375,18,82
er_n10_p0.25_seed0,0,1,sabre,5,64,QAOA_p1,0.984375,18,82
er_n10_p0.25_seed0,0,1,sabre,6,64,QAOA_p1,1.140625,18,82
er_n10_p0.25_seed0,0,1,sabre,7,64,QAOA_p1,0.875,18,82
er_n10_p0.25_seed0,0,1,sabre,8,64,QAOA_p1,1.0625,18,82
er_n10_p0.25_seed0,0,1,sabre,9,64,QAOA_p1,1.046875,18,82
er_n10_p0.25_seed0,0,1,sabre,10,64,QAOA_p1,1.21875,18,82
er_n10_p0.25_seed0,0,1,sabre,11,64,QAOA_p1,0.875,18,82
er_n10_p0.25_seed0,0,1,sabre,12,64,QAOA_p1,1.03125,18,82
er_n10_p0.25_seed0,0,1,sabre,13,64,QAOA_p1,0.8125,18,82
er_n10_p0.25_seed0,0,1,sabre,14,64,QAOA_p1,0.921875,18,82
er_n10_p0.25_seed0,0,1,sabre,15,64,QAOA_p1,1.015625,18,82
er_n10_p0.25_seed0,0,1,sabre,16,64,QAOA_p1,1.109375,18,82
er_n10_p0.25_seed0,0,1,sabre,17,64,QAOA_p1,0.953125,18,82
er_n10_p0.25_seed0,0,1,sabre,18,64,QAOA_p1,1.015625,18,82
er_n10_p0.25_seed0,0,1,sabre,19,64,QAOA_p1,0.984375,18,82
er_n10_p0.25_seed0,0,1,sabre,0,256,QAOA_p1,1.0234375,18,82
er_n10_p0.25_seed0,0,1,sabre,1,256,QAOA_p1,1.015625,18,82
er_n10_p0.25_seed0,0,1,sabre,2,256,QAOA_p1,1.11328125,18,82
er_n10_p0.25_seed0,0,1,sabre,3,256,QAOA_p1,1.08203125,18,82
er_n10_p0.25_seed0,0,1,sabre,4,256,QAOA_p1,1.0078125,18,82
er_n10_p0.25_seed0,0,1,sabre,5,256,QAOA_p1,1.00390625,18,82
er_n10_p0.25_seed0,0,1,sabre,6,256,QAOA_p1,1.03515625,18,82
er_n10_p0.25_seed0,0,1,sabre,7,256,QAOA_p1,0.8828125,18,82
er_n10_p0.25_seed0,0,1,sabre,8,256,QAOA_p1,0.9375,18,82
er_n10_p0.25_seed0,0,1,sabre,9,256,QAOA_p1,1.03515625,18,82
er_n10_p0.25_seed0,0,1,sabre,10,256,QAOA_p1,1.125,18,82
er_n10_p0.25_seed0,0,1,sabre,11,256,QAOA_p1,0.96875,18,82
er_n10_p0.25_seed0,0,1,sabre,12,256,QAOA_p1,1.00390625,18,82
er_n10_p0.25_seed0,0,1,sabre,13,256,QAOA_p1,1.0390625,18,82
er_n10_p0.25_seed0,0,1,sabre,14,256,QAOA_p1,0.984375,18,82
er_n10_p0.25_seed0,0,1,sabre,15,256,QAOA_p1,0.9765625,18,82
er_n10_p0.25_seed0,0,1,sabre,16,256,QAOA_p1,1.078125,18,82
er_n10_p0.25_seed0,0,1,sabre,17,256,QAOA_p1,1.05078125,18,82
er_n10_p0.25_seed0,0,1,sabre,18,256,QAOA_p1,1.046875,18,82
er_n10_p0.25_seed0,0,1,sabre,19,256,QAOA_p1,1.0,18,82
er_n10_p0.25_seed0,0,1,sabre,0,1024,QAOA_p1,1.052734375,18,82
er_n10_p0.25_seed0,0,1,sabre,1,1024,QAOA_p1,1.0732421875,18,82
er_n10_p0.25_seed0,0,1,sabre,2,1024,QAOA_p1,1.09375,18,82
er_n10_p0.25_seed0,0,1,sabre,3,1024,QAOA_p1,1.017578125,18,82
er_n10_p0.25_seed0,0,1,sabre,4,1024,QAOA_p1,1.01171875,18,82
er_n10_p0.25_seed0,0,1,sabre,5,1024,QAOA_p1,1.0400390625,18,82
er_n10_p0.25_seed0,0,1,sabre,6,1024,QAOA_p1,1.0380859375,18,82
er_n10_p0.25_seed0,0,1,sabre,7,1024,QAOA_p1,0.982421875,18,82
er_n10_p0.25_seed0,0,1,sabre,8,1024,QAOA_p1,1.0263671875,18,82
er_n10_p0.25_seed0,0,1,sabre,9,1024,QAOA_p1,1.021484375,18,82
er_n10_p0.25_seed0,0,1,sabre,10,1024,QAOA_p1,1.0712890625,18,82
er_n10_p0.25_seed0,0,1,sabre,11,1024,QAOA_p1,0.9951171875,18,82
er_n10_p0.25_seed0,0,1,sabre,12,1024,QAOA_p1,1.0595703125,18,82
er_n10_p0.25_seed0,0,1,sabre,13,1024,QAOA_p1,1.0166015625,18,82
er_n10_p0.25_seed0,0,1,sabre,14,1024,QAOA_p1,1.0517578125,18,82
er_n10_p0.25_seed0,0,1,sabre,15,1024,QAOA_p1,0.9638671875,18,82
er_n10_p0.25_seed0,0,1,sabre,16,1024,QAOA_p1,1.060546875,18,82
er_n10_p0.25_seed0,0,1,sabre,17,1024,QAOA_p1,1.025390625,18,82
er_n10_p0.25_seed0,0,1,sabre,18,1024,QAOA_p1,1.0322265625,18,82
er_n10_p0.25_seed0,0,1,sabre,19,1024,QAOA_p1,1.0146484375,18,82
er_n10_p0.25_seed0,0,1,sabre,0,16,QAOA_p2,1.4375,29,124
er_n10_p0.25_seed0,0,1,sabre,1,16,QAOA_p2,1.0625,29,124
er_n10_p0.25_seed0,0,1,sabre,2,16,QAOA_p2,1.375,29,124
er_n10_p0.25_seed0,0,1,sabre,3,16,QAOA_p2,1.375,29,124
er_n10_p0.25_seed0,0,1,sabre,4,16,QAOA_p2,1.25,29,124
er_n10_p0.25_seed0,0,1,sabre,5,16,QAOA_p2,1.0625,29,124
er_n10_p0.25_seed0,0,1,sabre,6,16,QAOA_p2,1.6875,29,124
er_n10_p0.25_seed0,0,1,sabre,7,16,QAOA_p2,1.0,29,124
er_n10_p0.25_seed0,0,1,sabre,8,16,QAOA_p2,1.5,29,124
er_n10_p0.25_seed0,0,1,sabre,9,16,QAOA_p2,1.4375,29,124
er_n10_p0.25_seed0,0,1,sabre,10,16,QAOA_p2,1.0,29,124
er_n10_p0.25_seed0,0,1,sabre,11,16,QAOA_p2,1.625,29,124
er_n10_p0.25_seed0,0,1,sabre,12,16,QAOA_p2,1.625,29,124
er_n10_p0.25_seed0,0,1,sabre,13,16,QAOA_p2,1.4375,29,124
er_n10_p0.25_seed0,0,1,sabre,14,16,QAOA_p2,1.1875,29,124
er_n10_p0.25_seed0,0,1,sabre,15,16,QAOA_p2,0.75,29,124
er_n10_p0.25_seed0,0,1,sabre,16,16,QAOA_p2,1.3125,29,124
er_n10_p0.25_seed0,0,1,sabre,17,16,QAOA_p2,1.1875,29,124
er_n10_p0.25_seed0,0,1,sabre,18,16,QAOA_p2,1.1875,29,124
er_n10_p0.25_seed0,0,1,sabre,19,16,QAOA_p2,1.375,29,124
er_n10_p0.25_seed0,0,1,sabre,0,32,QAOA_p2,1.46875,29,124
er_n10_p0.25_seed0,0,1,sabre,1,32,QAOA_p2,1.0,29,124
er_n10_p0.25_seed0,0,1,sabre,2,32,QAOA_p2,1.21875,29,124
er_n10_p0.25_seed0,0,1,sabre,3,32,QAOA_p2,1.21875,29,124
er_n10_p0.25_seed0,0,1,sabre,4,32,QAOA_p2,1.125,29,124
er_n10_p0.25_seed0,0,1,sabre,5,32,QAOA_p2,1.15625,29,124
er_n10_p0.25_seed0,0,1,sabre,6,32,QAOA_p2,1.625,29,124
er_n10_p0.25_seed0,0,1,sabre,7,32,QAOA_p2,0.875,29,124
er_n10_p0.25_seed0,0,1,sabre,8,32,QAOA_p2,1.375,29,124
er_n10_p0.25_seed0,0,1,sabre,9,32,QAOA_p2,1.28125,29,124
er_n10_p0.25_seed0,0,1,sabre,10,32,QAOA_p2,0.9375,29,124
er_n10_p0.25_seed0,0,1,sabre,11,32,QAOA_p2,1.3125,29,124
er_n10_p0.25_seed0,0,1,sabre,12,32,QAOA_p2,1.4375,29,124
er_n10_p0.25_seed0,0,1,sabre,13,32,QAOA_p2,1.3125,29,124
er_n10_p0.25_seed0,0,1,sabre,14,32,QAOA_p2,1.15625,29,124
er_n10_p0.25_seed0,0,1,sabre,15,32,QAOA_p2,0.78125,29,124
er_n10_p0.25_seed0,0,1,sabre,16,32,QAOA_p2,1.40625,29,124
er_n10_p0.25_seed0,0,1,sabre,17,32,QAOA_p2,1.59375,29,124
er_n10_p0.25_seed0,0,1,sabre,18,32,QAOA_p2,1.1875,29,124
er_n10_p0.25_seed0,0,1,sabre,19,32,QAOA_p2,1.28125,29,124
er_n10_p0.25_seed0,0,1,sabre,0,64,QAOA_p2,1.4375,29,124
er_n10_p0.25_seed0,0,1,sabre,1,64,QAOA_p2,1.078125,29,124
er_n10_p0.25_seed0,0,1,sabre,2,64,QAOA_p2,1.296875,29,124
er_n10_p0.25_seed0,0,1,sabre,3,64,QAOA_p2,1.328125,29,124
er_n10_p0.25_seed0,0,1,sabre,4,64,QAOA_p2,1.25,29,124
er_n10_p0.25_seed0,0,1,sabre,5,64,QAOA_p2,1.3125,29,124
er_n10_p0.25_seed0,0,1,sabre,6,64,QAOA_p2,1.5,29,124
er_n10_p0.25_seed0,0,1,sabre,7,64,QAOA_p2,1.09375,29,124
er_n10_p0.25_seed0,0,1,sabre,8,64,QAOA_p2,1.328125,29,124
er_n10_p0.25_seed0,0,1,sabre,9,64,QAOA_p2,1.1875,29,124
er_n10_p0.25_seed0,0,1,sabre,10,64,QAOA_p2,1.15625,29,124
er_n10_p0.25_seed0,0,1,sabre,11,64,QAOA_p2,1.25,29,124
er_n10_p0.25_seed0,0,1,sabre,12,64,QAOA_p2,1.5,29,124
er_n10_p0.25_seed0,0,1,sabre,13,64,QAOA_p2,1.125,29,124
er_n10_p0.25_seed0,0,1,sabre,14,64,QAOA_p2,1.265625,29,124
er_n10_p0.25_seed0,0,1,sabre,15,64,QAOA_p2,1.0625,29,124
er_n10_p0.25_seed0,0,1,sabre,16,64,QAOA_p2,1.578125,29,124
er_n10_p0.25_seed0,0,1,sabre,17,64,QAOA_p2,1.390625,29,124
er_n10_p0.25_seed0,0,1,sabre,18,64,QAOA_p2,1.34375,29,124
er_n10_p0.25_seed0,0,1,sabre,19,64,QAOA_p2,1.3125,29,124
er_n10_p0.25_seed0,0,1,sabre,0,256,QAOA_p2,1.38671875,29,124
er_n10_p0.25_seed0,0,1,sabre,1,256,QAOA_p2,1.20703125,29,124
er_n10_p0.25_seed0,0,1,sabre,2,256,QAOA_p2,1.25390625,29,124
er_n10_p0.25_seed0,0,1,sabre,3,256,QAOA_p2,1.40625,29,124
er_n10_p0.25_seed0,0,1,sabre,4,256,QAOA_p2,1.3125,29,124
er_n10_p0.25_seed0,0,1,sabre,5,256,QAOA_p2,1.2890625,29,124
er_n10_p0.25_seed0,0,1,sabre,6,256,QAOA_p2,1.3828125,29,124
er_n10_p0.25_seed0,0,1,sabre,7,256,QAOA_p2,1.296875,29,124
er_n10_p0.25_seed0,0,1,sabre,8,256,QAOA_p2,1.265625,29,124
er_n10_p0.25_seed0,0,1,sabre,9,256,QAOA_p2,1.23828125,29,124
er_n10_p0.25_seed0,0,1,sabre,10,256,QAOA_p2,1.1875,29,124
er_n10_p0.25_seed0,0,1,sabre,11,256,QAOA_p2,1.29296875,29,124
er_n10_p0.25_seed0,0,1,sabre,12,256,QAOA_p2,1.3984375,29,124
er_n10_p0.25_seed0,0,1,sabre,13,256,QAOA_p2,1.27734375,29,124
er_n10_p0.25_seed0,0,1,sabre,14,256,QAOA_p2,1.3671875,29,124
er_n10_p0.25_seed0,0,1,sabre,15,256,QAOA_p2,1.140625,29,124
er_n10_p0.25_seed0,0,1,sabre,16,256,QAOA_p2,1.3515625,29,124
er_n10_p0.25_seed0,0,1,sabre,17,256,QAOA_p2,1.328125,29,124
er_n10_p0.25_seed0,0,1,sabre,18,256,QAOA_p2,1.2578125,29,124
er_n10_p0.25_seed0,0,1,sabre,19,256,QAOA_p2,1.2734375,29,124
er_n10_p0.25_seed0,0,1,sabre,0,1024,QAOA_p2,1.3046875,29,124
er_n10_p0.25_seed0,0,1,sabre,1,1024,QAOA_p2,1.2880859375,29,124
er_n10_p0.25_seed0,0,1,sabre,2,1024,QAOA_p2,1.2265625,29,124
er_n10_p0.25_seed0,0,1,sabre,3,1024,QAOA_p2,1.3466796875,29,124
er_n10_p0.25_seed0,0,1,sabre,4,1024,QAOA_p2,1.28125,29,124
er_n10_p0.25_seed0,0,1,sabre,5,1024,QAOA_p2,1.2890625,29,124
er_n10_p0.25_seed0,0,1,sabre,6,1024,QAOA_p2,1.318359375,29,124
er_n10_p0.25_seed0,0,1,sabre,7,1024,QAOA_p2,1.294921875,29,124
er_n10_p0.25_seed0,0,1,sabre,8,1024,QAOA_p2,1.3076171875,29,124
er_n10_p0.25_seed0,0,1,sabre,9,1024,QAOA_p2,1.2509765625,29,124
er_n10_p0.25_seed0,0,1,sabre,10,1024,QAOA_p2,1.3037109375,29,124
er_n10_p0.25_seed0,0,1,sabre,11,1024,QAOA_p2,1.341796875,29,124
er_n10_p0.25_seed0,0,1,sabre,12,1024,QAOA_p2,1.30078125,29,124
er_n10_p0.25_seed0,0,1,sabre,13,1024,QAOA_p2,1.2705078125,29,124
er_n10_p0.25_seed0,0,1,sabre,14,1024,QAOA_p2,1.353515625,29,124
er_n10_p0.25_seed0,0,1,sabre,15,1024,QAOA_p2,1.240234375,29,124
er_n10_p0.25_seed0,0,1,sabre,16,1024,QAOA_p2,1.318359375,29,124
er_n10_p0.25_seed0,0,1,sabre,17,1024,QAOA_p2,1.306640625,29,124
er_n10_p0.25_seed0,0,1,sabre,18,1024,QAOA_p2,1.298828125,29,124
er_n10_p0.25_seed0,0,1,sabre,19,1024,QAOA_p2,1.3076171875,29,124
er_n10_p0.25_seed0,0,1,sabre,0,16,RandomBaseline,1.75,4,40
er_n10_p0.25_seed0,0,1,sabre,1,16,RandomBaseline,1.75,4,40
er_n10_p0.25_seed0,0,1,sabre,2,16,RandomBaseline,2.4375,4,40
er_n10_p0.25_seed0,0,1,sabre,3,16,RandomBaseline,2.375,4,40
er_n10_p0.25_seed0,0,1,sabre,4,16,RandomBaseline,1.8125,4,40
er_n10_p0.25_seed0,0,1,sabre,5,16,RandomBaseline,1.875,4,40
er_n10_p0.25_seed0,0,1,sabre,6,16,RandomBaseline,1.4375,4,40
er_n10_p0.25_seed0,0,1,sabre,7,16,RandomBaseline,1.6875,4,40
er_n10_p0.25_seed0,0,1,sabre,8,16,RandomBaseline,1.875,4,40
er_n10_p0.25_seed0,0,1,sabre,9,16,RandomBaseline,2.3125,4,40
er_n10_p0.25_seed0,0,1,sabre,10,16,RandomBaseline,2.25,4,40
er_n10_p0.25_seed0,0,1,sabre,11,16,RandomBaseline,1.6875,4,40
er_n10_p0.25_seed0,0,1,sabre,12,16,RandomBaseline,1.625,4,40
er_n10_p0.25_seed0,0,1,sabre,13,16,RandomBaseline,2.125,4,40
er_n10_p0.25_seed0,0,1,sabre,14,16,RandomBaseline,1.875,4,40
er_n10_p0.25_seed0,0,1,sabre,15,16,RandomBaseline,2.0625,4,40
er_n10_p0.25_seed0,0,1,sabre,16,16,RandomBaseline,2.375,4,40
er_n10_p0.25_seed0,0,1,sabre,17,16,RandomBaseline,2.0,4,40
er_n10_p0.25_seed0,0,1,sabre,18,16,RandomBaseline,2.3125,4,40
er_n10_p0.25_seed0,0,1,sabre,19,16,RandomBaseline,1.75,4,40
er_n10_p0.25_seed0,0,1,sabre,0,32,RandomBaseline,1.75,4,40
er_n10_p0.25_seed0,0,1,sabre,1,32,RandomBaseline,2.03125,4,40
er_n10_p0.25_seed0,0,1,sabre,2,32,RandomBaseline,2.28125,4,40
er_n10_p0.25_seed0,0,1,sabre,3,32,RandomBaseline,2.28125,4,40
er_n10_p0.25_seed0,0,1,sabre,4,32,RandomBaseline,1.71875,4,40
er_n10_p0.25_seed0,0,1,sabre,5,32,RandomBaseline,1.8125,4,40
er_n10_p0.25_seed0,0,1,sabre,6,32,RandomBaseline,1.78125,4,40
er_n10_p0.25_seed0,0,1,sabre,7,32,RandomBaseline,1.71875,4,40
er_n10_p0.25_seed0,0,1,sabre,8,32,RandomBaseline,1.8125,4,40
er_n10_p0.25_seed0,0,1,sabre,9,32,RandomBaseline,2.28125,4,40
er_n10_p0.25_seed0,0,1,sabre,10,32,RandomBaseline,2.03125,4,40
er_n10_p0.25_seed0,0,1,sabre,11,32,RandomBaseline,1.90625,4,40
er_n10_p0.25_seed0,0,1,sabre,12,32,RandomBaseline,1.78125,4,40
er_n10_p0.25_seed0,0,1,sabre,13,32,RandomBaseline,2.0,4,40
er_n10_p0.25_seed0,0,1,sabre,14,32,RandomBaseline,2.0625,4,40
er_n10_p0.25_seed0,0,1,sabre,15,32,RandomBaseline,1.90625,4,40
er_n10_p0.25_seed0,0,1,sabre,16,32,RandomBaseline,2.125,4,40
er_n10_p0.25_seed0,0,1,sabre,17,32,RandomBaseline,2.03125,4,40
er_n10_p0.25_seed0,0,1,sabre,18,32,RandomBaseline,2.0,4,40
er_n10_p0.25_seed0,0,1,sabre,19,32,RandomBaseline,2.09375,4,40
er_n10_p0.25_seed0,0,1,sabre,0,64,RandomBaseline,1.984375,4,40
er_n10_p0.25_seed0,0,1,sabre,1,64,RandomBaseline,2.1875,4,40
er_n10_p0.25_seed0,0,1,sabre,2,64,RandomBaseline,2.046875,4,40
er_n10_p0.25_seed0,0,1,sabre,3,64,RandomBaseline,2.203125,4,40
er_n10_p0.25_seed0,0,1,sabre,4,64,RandomBaseline,2.0,4,40
er_n10_p0.25_seed0,0,1,sabre,5,64,RandomBaseline,1.890625,4,40
er_n10_p0.25_seed0,0,1,sabre,6,64,RandomBaseline,1.9375,4,40
er_n10_p0.25_seed0,0,1,sabre,7,64,RandomBaseline,1.828125,4,40
er_n10_p0.25_seed0,0,1,sabre,8,64,RandomBaseline,1.953125,4,40
er_n10_p0.25_seed0,0,1,sabre,9,64,RandomBaseline,2.171875,4,40
er_n10_p0.25_seed0,0,1,sabre,10,64,RandomBaseline,2.125,4,40
er_n10_p0.25_seed0,0,1,sabre,11,64,RandomBaseline,1.90625,4,40
er_n10_p0.25_seed0,0,1,sabre,12,64,RandomBaseline,2.0,4,40
er_n10_p0.25_seed0,0,1,sabre,13,64,RandomBaseline,1.875,4,40
er_n10_p0.25_seed0,0,1,sabre,14,64,RandomBaseline,1.953125,4,40
er_n10_p0.25_seed0,0,1,sabre,15,64,RandomBaseline,1.875,4,40
er_n10_p0.25_seed0,0,1,sabre,16,64,RandomBaseline,2.125,4,40
er_n10_p0.25_seed0,0,1,sabre,17,64,RandomBaseline,1.984375,4,40
er_n10_p0.25_seed0,0,1,sabre,18,64,RandomBaseline,2.046875,4,40
er_n10_p0.25_seed0,0,1,sabre,19,64,RandomBaseline,2.078125,4,40
er_n10_p0.25_seed0,0,1,sabre,0,256,RandomBaseline,1.9140625,4,40
er_n10_p0.25_seed0,0,1,sabre,1,256,RandomBaseline,1.9921875,4,40
er_n10_p0.25_seed0,0,1,sabre,2,256,RandomBaseline,1.96875,4,40
er_n10_p0.25_seed0,0,1,sabre,3,256,RandomBaseline,2.06640625,4,40
er_n10_p0.25_seed0,0,1,sabre,4,256,RandomBaseline,1.9765625,4,40
er_n10_p0.25_seed0,0,1,sabre,5,256,RandomBaseline,2.00390625,4,40
er_n10_p0.25_seed0,0,1,sabre,6,256,RandomBaseline,1.96484375,4,40
er_n10_p0.25_seed0,0,1,sabre,7,256,RandomBaseline,1.88671875,4,40
er_n10_p0.25_seed0,0,1,sabre,8,256,RandomBaseline,2.03515625,4,40
er_n10_p0.25_seed0,0,1,sabre,9,256,RandomBaseline,2.109375,4,40
er_n10_p0.25_seed0,0,1,sabre,10,256,RandomBaseline,1.9921875,4,40
er_n10_p0.25_seed0,0,1,sabre,11,256,RandomBaseline,1.9765625,4,40
er_n10_p0.25_seed0,0,1,sabre,12,256,RandomBaseline,2.10546875,4,40
er_n10_p0.25_seed0,0,1,sabre,13,256,RandomBaseline,1.87890625,4,40
er_n10_p0.25_seed0,0,1,sabre,14,256,RandomBaseline,1.953125,4,40
er_n10_p0.25_seed0,0,1,sabre,15,256,RandomBaseline,2.03515625,4,40
er_n10_p0.25_seed0,0,1,sabre,16,256,RandomBaseline,2.05859375,4,40
er_n10_p0.25_seed0,0,1,sabre,17,256,RandomBaseline,1.91015625,4,40
er_n10_p0.25_seed0,0,1,sabre,18,256,RandomBaseline,1.94921875,4,40
er_n10_p0.25_seed0,0,1,sabre,19,256,RandomBaseline,1.85546875,4,40
er_n10_p0.25_seed0,0,1,sabre,0,1024,RandomBaseline,1.9794921875,4,40
er_n10_p0.25_seed0,0,1,sabre,1,1024,RandomBaseline,1.9658203125,4,40
er_n10_p0.25_seed0,0,1,sabre,2,1024,RandomBaseline,2.0029296875,4,40
er_n10_p0.25_seed0,0,1,sabre,3,1024,RandomBaseline,2.0341796875,4,40
er_n10_p0.25_seed0,0,1,sabre,4,1024,RandomBaseline,2.0205078125,4,40
er_n10_p0.25_seed0,0,1,sabre,5,1024,RandomBaseline,1.9716796875,4,40
er_n10_p0.25_seed0,0,1,sabre,6,1024,RandomBaseline,2.001953125,4,40
er_n10_p0.25_seed0,0,1,sabre,7,1024,RandomBaseline,1.95703125,4,40
er_n10_p0.25_seed0,0,1,sabre,8,1024,RandomBaseline,2.009765625,4,40
er_n10_p0.25_seed0,0,1,sabre,9,1024,RandomBaseline,2.0048828125,4,40
er_n10_p0.25_seed0,0,1,sabre,10,1024,RandomBaseline,2.0048828125,4,40
er_n10_p0.25_seed0,0,1,sabre,11,1024,RandomBaseline,2.0244140625,4,40
er_n10_p0.25_seed0,0,1,sabre,12,1024,RandomBaseline,2.0556640625,4,40
er_n10_p0.25_seed0,0,1,sabre,13,1024,RandomBaseline,1.9326171875,4,40
er_n10_p0.25_seed0,0,1,sabre,14,1024,RandomBaseline,2.013671875,4,40
er_n10_p0.25_seed0,0,1,sabre,15,1024,RandomBaseline,1.9814453125,4,40
er_n10_p0.25_seed0,0,1,sabre,16,1024,RandomBaseline,1.9990234375,4,40
er_n10_p0.25_seed0,0,1,sabre,17,1024,RandomBaseline,2.021484375,4,40
er_n10_p0.25_seed0,0,1,sabre,18,1024,RandomBaseline,1.9482421875,4,40
er_n10_p0.25_seed0,0,1,sabre,19,1024,RandomBaseline,1.97265625,4,40
